"CASE";"SERIAL";"REF";"QUESTNNR";"MODE";"STARTED";"M501_01";"M501_02";"M501_03";"M501_04";"M501_05";"M501_06";"M502_01";"M502_02";"M502_03";"SD01";"SD02_01";"SD03_01";"SD04";"SD05_01";"SD06";"SD07";"SD08";"SD09";"SD10";"HI01";"HI02";"HI03";"HI04";"HI05";"HI06";"VR01";"VR02";"VR03";"VR03_01";"VR03_02";"VR03_03";"VR03_04";"VR03_05";"VR04_01";"VR04_02";"VR04_03";"VR04_04";"VR04_05";"VR04_06";"VR05_01";"VR05_02";"VR05_03";"VR06";"HM01";"HM02_01";"HM03";"HM04_01";"HM05";"HM06";"HM07_01";"HM07_02";"HM07_03";"HM07_04";"HM07_05";"HM07_06";"K001";"IS01_01";"IS01_02";"IS01_03";"IS01_04";"IS01_05";"IS01_06";"IS01_07";"IS01_08";"IS01_09";"IS01_10";"IS02_01";"IS03_01";"IO01";"IO02";"IO03";"IO04";"IO05";"IO06";"RW01_01";"RW02_01";"RW03_01";"RW03_02";"RW03_03";"RW04_01";"RW04_02";"RW04_03";"RW05_01";"RW05_02";"RW05_03";"H101";"H102_01";"H102_02";"H102_03";"H102_04";"H102_05";"H102_06";"H102_07";"H103";"H104_01";"H104_02";"H104_03";"H105_01";"H106_01";"H201_01";"H201_02";"H202_01";"H202_02";"H202_03";"CL01_01";"CL01_02";"CL01_03";"CL01_04";"CL01_05";"CL01_06";"CA01_01";"CA01_02";"CA01_03";"CA01_04";"CA01_05";"CA01_06";"CS01_01";"CS01_02";"CS01_03";"CS01_04";"CS01_05";"CS01_06";"US01_01";"US01_02";"US01_03";"US01_04";"GK01_01";"GK02_01";"GK03_01";"GK04_01";"GK05_01";"GK07_01";"GK08_01";"GK09_01";"GK10_01";"GK11_01";"GK12_01";"GK14_01";"GK15_01";"GK16_01";"TIME001";"TIME002";"TIME004";"TIME006";"TIME008";"TIME009";"TIME010";"TIME011";"TIME012";"TIME013";"TIME014";"TIME015";"TIME016";"TIME017";"TIME018";"TIME019";"TIME020";"TIME021";"TIME022";"TIME023";"TIME024";"TIME025";"TIME026";"TIME027";"TIME_SUM";"MAILSENT";"LASTDATA";"FINISHED";"Q_VIEWER";"LASTPAGE";"MAXPAGE";"MISSING";"MISSREL";"TIME_RSI";"DEG_TIME"
"Interview-Nummer (fortlaufend)";"Seriennummer (sofern verwendet)";"Referenz (sofern im Link angegeben)";"Fragebogen, der im Interview verwendet wurde";"Interview-Modus";"Zeitpunkt zu dem das Interview begonnen hat (Europe/Berlin)";"Schutzmaßnahmen: Was kann ich tun? Was muss ich tun?: Lüften";"Schutzmaßnahmen: Was kann ich tun? Was muss ich tun?: Abdichten von Türen und Leitungen zum Keller";"Schutzmaßnahmen: Was kann ich tun? Was muss ich tun?: Eintrittswege des Radons ins Gebäude abdichten";"Schutzmaßnahmen: Was kann ich tun? Was muss ich tun?: Radonhaltige Bodenluft absaugen";"Schutzmaßnahmen: Was kann ich tun? Was muss ich tun?: Radon-Fachperson hinzuziehen";"Schutzmaßnahmen: Was kann ich tun? Was muss ich tun?: Schutzmaßnahmen bei Neubauten";"Gesetzliche Regelungen zum Schutz vor Radon: Private, bereits bestehende Wohngebäude";"Gesetzliche Regelungen zum Schutz vor Radon: Private Neubauten";"Gesetzliche Regelungen zum Schutz vor Radon: Arbeitsplätze";"Geben Sie bitte Ihr Geschlecht an.";"Bitte nennen Sie uns Ihr Geburtsjahr.: Geburtsjahr (Vierstellig)";"Bitte geben Sie die Postleitzahl Ihres Hauptwohnsitzes an: Postleitzahl (fünfstellig)";"Welchen höchsten Abschluss haben Sie?";"Wie viele Personen wohnen in Ihrem Haushalt?: Anzahl";"Wohnen in Ihrem Haushalt Kinder (unter 18)?";"Rauchen Sie zurzeit ? wenn auch nur gelegentlich?";"Bundesland";"Bayern";"Sachsen";"Wohnen Sie zur Miete oder im eigenen Haus bzw. in der eigenen Wohnung?";"Besitzen Sie neben der Immobilie, in der Sie derzeit wohnen noch weitere Immobilien im selben Landkreis, die Sie vermieten?";"In welchem Gebäudetyp wohnen Sie?";"Seit wann wohnen Sie in Ihrer jetzigen Wohnung bzw. dem jetzigen Haus?";"Wie lange planen Sie in der jetzigen Wohnung oder dem jetzigen Haus zu wohnen?";"In welcher Etage wohnen Sie?";"Haben Sie schon einmal etwas über das Thema Radon gehört?";"Was ist Ihrer Ansicht nach Radon? ";"Wo befindet sich Radon Ihrer Ansicht nach in hoher Konzentration?: Ausweichoption (negativ) oder Anzahl ausgewählter Optionen";"Wo befindet sich Radon Ihrer Ansicht nach in hoher Konzentration?: eher im Freien";"Wo befindet sich Radon Ihrer Ansicht nach in hoher Konzentration?: im Inneren von Gebäuden";"Wo befindet sich Radon Ihrer Ansicht nach in hoher Konzentration?: eher im Keller";"Wo befindet sich Radon Ihrer Ansicht nach in hoher Konzentration?: in den oberen Wohngeschossen";"Wo befindet sich Radon Ihrer Ansicht nach in hoher Konzentration?: im Gestein und im Boden";"Welche Begriffe verbinden Sie spontan mit dem Begriff Radon?: Radioaktivität";"Welche Begriffe verbinden Sie spontan mit dem Begriff Radon?: Heilmittel";"Welche Begriffe verbinden Sie spontan mit dem Begriff Radon?: Edelgas";"Welche Begriffe verbinden Sie spontan mit dem Begriff Radon?: Strahlenschutz";"Welche Begriffe verbinden Sie spontan mit dem Begriff Radon?: Krebs";"Welche Begriffe verbinden Sie spontan mit dem Begriff Radon?: Wellness";"Wie schätzen Sie im Deutschland-Vergleich das Radonrisiko für...: Ihr Bundesland ein";"Wie schätzen Sie im Deutschland-Vergleich das Radonrisiko für...: Ihren Landkreis ein";"Wie schätzen Sie im Deutschland-Vergleich das Radonrisiko für...: Ihren Wohnort ein";"Haben Sie schon vom Bundesamt für Strahlenschutz gehört? ";"Haben Sie schon mal vorsorglich etwas gegen Radon unternommen?";"Wenn ja, was wurde gemacht? (Selbst): [01]";"Kennen Sie jemanden in Ihrem Umfeld, der schon mal vorsorglich etwas gegen Radon unternommen hat?";"Wenn ja, was wurde gemacht? (Andere): [01]";"Haben Sie die Radonkonzentration in Ihrem Haus bzw. in Ihrer Wohnung bereits messen lassen?";"Kennen Sie jemanden in Ihrem Umfeld, der bereits die Radonkonzentration im eigenen Haus bzw. in der eigenen Wohnung messen lassen hat?";"Wie schätzen Sie die Wirksamkeit der folgenden Maßnahmen gegen die mit Radon verbundenen Risiken ein?: Innenräume regelmäßig lüften";"Wie schätzen Sie die Wirksamkeit der folgenden Maßnahmen gegen die mit Radon verbundenen Risiken ein?: Regelmäßig putzen";"Wie schätzen Sie die Wirksamkeit der folgenden Maßnahmen gegen die mit Radon verbundenen Risiken ein?: Türen zum Keller abdichten";"Wie schätzen Sie die Wirksamkeit der folgenden Maßnahmen gegen die mit Radon verbundenen Risiken ein?: Eine konstante Innenraumtemperatur von 20 Grad";"Wie schätzen Sie die Wirksamkeit der folgenden Maßnahmen gegen die mit Radon verbundenen Risiken ein?: Innenluft trocken halten";"Wie schätzen Sie die Wirksamkeit der folgenden Maßnahmen gegen die mit Radon verbundenen Risiken ein?: Fachspezifische Sanierung";"Radonkarte";"Bitte bewerten Sie die Informationsseite, die Sie soeben betrachtet haben.: Die Informationen sind verständlich.";"Bitte bewerten Sie die Informationsseite, die Sie soeben betrachtet haben.: Die Seite informiert objektiv über den Sachverhalt.";"Bitte bewerten Sie die Informationsseite, die Sie soeben betrachtet haben.: Der Anbieter dieses Textes wirkt auf mich vertrauenswürdig.";"Bitte bewerten Sie die Informationsseite, die Sie soeben betrachtet haben.: Die Informationen sind nützlich.";"Bitte bewerten Sie die Informationsseite, die Sie soeben betrachtet haben.: Die Seite ist informativ.";"Bitte bewerten Sie die Informationsseite, die Sie soeben betrachtet haben.: Die Informationen sind zu kompliziert.";"Bitte bewerten Sie die Informationsseite, die Sie soeben betrachtet haben.: Die Informationen sind anschaulich dargestellt.";"Bitte bewerten Sie die Informationsseite, die Sie soeben betrachtet haben.: Die Informationen sind gut strukturiert.";"Bitte bewerten Sie die Informationsseite, die Sie soeben betrachtet haben.: Die wichtigsten Botschaften sind klar formuliert.";"Bitte bewerten Sie die Informationsseite, die Sie soeben betrachtet haben.: Die Darstellung der Informationen regt mich an, die Informationen vollständig zu lesen.";"Was hat Ihnen an dieser Informationsseite spontan gefallen?: [01]";"Was hat Ihnen an dieser Informationsseite spontan nicht gefallen?: [01]";"Aufbasis der Informationen, die Sie erhalten haben, welche folgenden Aussagen trifft Ihrer Ansicht nach zu?";"Aufbasis der Informationen, die Sie erhalten haben, welche folgenden Aussagen trifft Ihrer Ansicht nach zu?";"Aufbasis der Informationen, die Sie erhalten haben, welche der folgenden Wohnsituationen ist mit Blick auf die Radonbelastung kritischer zu bewerten?";"Aufbasis der Informationen, die Sie erhalten haben, welche der folgenden Wohnsituationen ist mit Blick auf die Radonbelastung kritischer zu bewerten?";"Aufbasis der Informationen, die Sie erhalten haben, welche der folgenden Maßnahmen wird vom Bundesamt für Strahlenschutz empfohlen?";"Aufbasis der Informationen, die Sie erhalten haben, welche der folgenden Maßnahmen wird vom Bundesamt für Strahlenschutz empfohlen?";"Hat sich durch die erhaltenen Informationen: Ihre Einschätzung zum Radonrisiko verändert?";"Wie schätzen Sie nach dem Erhalt der Informationen die mit Radon verbundenen Risiken ein?: die mit Radon verbundenen Risiken ein?";"Wie hoch schätzen Sie das Radonrisiko...: bei gut abgedichteter Kellertür ein?";"Wie hoch schätzen Sie das Radonrisiko...: bei einer regelmäßigen, intensiven Belüftung der Innenräume ein?";"Wie hoch schätzen Sie das Radonrisiko...: nach einer professionellen Radonsanierung des Gebäudes ein?";"Stimmen Sie den folgenden Aussagen nicht zu oder zu?: Radon stellt ein Risiko für die Gesundheit der Betroffenen dar.";"Stimmen Sie den folgenden Aussagen nicht zu oder zu?: Das Radonrisiko ist zu wenigen Personen bekannt.";"Stimmen Sie den folgenden Aussagen nicht zu oder zu?: Betroffene können das Risiko bereits durch einfache Änderungen ihres Verhaltens senken.";"Wie schätzen Sie nach dem erhalt der Informationen, im Deutschland-Vergleich, das Radonrisiko für...: Ihr Bundesland ein";"Wie schätzen Sie nach dem erhalt der Informationen, im Deutschland-Vergleich, das Radonrisiko für...: Ihren Landkreis ein";"Wie schätzen Sie nach dem erhalt der Informationen, im Deutschland-Vergleich, das Radonrisiko für...: Ihren Wohnort ein";"Beabsichtigen Sie die Radonkonzentration in Ihren Wohnräumen messen zu lassen?";"Wenn Sie nicht beabsichtigen, eine Radonmessung durchzuführen, welche der folgenden Gründe sind dafür ausschlaggebend?: Der Messvorgang dauert zu lange.";"Wenn Sie nicht beabsichtigen, eine Radonmessung durchzuführen, welche der folgenden Gründe sind dafür ausschlaggebend?: Ich werde in der Wohnung nicht langfristig wohnen.";"Wenn Sie nicht beabsichtigen, eine Radonmessung durchzuführen, welche der folgenden Gründe sind dafür ausschlaggebend?: Die Messung ist zu teuer.";"Wenn Sie nicht beabsichtigen, eine Radonmessung durchzuführen, welche der folgenden Gründe sind dafür ausschlaggebend?: Die Beschreibung der Risikofaktoren trifft nicht auf meine Wohnung zu.";"Wenn Sie nicht beabsichtigen, eine Radonmessung durchzuführen, welche der folgenden Gründe sind dafür ausschlaggebend?: Ich halte eine Messung für übervorsichtig.";"Wenn Sie nicht beabsichtigen, eine Radonmessung durchzuführen, welche der folgenden Gründe sind dafür ausschlaggebend?: Bei hohen Radonmesswerten verliert meine Immobilie an Wert.";"Wenn Sie nicht beabsichtigen, eine Radonmessung durchzuführen, welche der folgenden Gründe sind dafür ausschlaggebend?: Ich werde ohnehin nichts tun können.";"Falls die Beschreibung der Risikofaktoren auf Personen in Ihrem Umfeld zutrifft, würden Sie Ihnen zu einer Messung raten?";"Wenn Sie es nicht beabsichtigen, welche der folgenden Gründe sind dafür ausschlaggebend?: Ich kenne keine Person, auf die die Beschreibung zutrifft.";"Wenn Sie es nicht beabsichtigen, welche der folgenden Gründe sind dafür ausschlaggebend?: Ich schätze das Radonrisiko generell als zu gering ein.";"Wenn Sie es nicht beabsichtigen, welche der folgenden Gründe sind dafür ausschlaggebend?: In meinem Umfeld wird über solche Themen nicht gesprochen.";"Sonstige Gründe: [01]";"Sonstige Gründe // Empfehlen: [01]";"Nach dem Erhalt der Informationen, würden Sie vorsorglich und ? auch ohne Messung ? auf eine der folgenden Maßnahmen zur Bekämpfung einer erhöhten Radonskonzentration zurückgreifen?: Innenräume regelmäßig lüften";"Nach dem Erhalt der Informationen, würden Sie vorsorglich und ? auch ohne Messung ? auf eine der folgenden Maßnahmen zur Bekämpfung einer erhöhten Radonskonzentration zurückgreifen?: Türen zum Keller abdichten";"Nach dem Erhalt der Informationen, würden Sie falls die Ergebnisse der Messung es erfordern - auf eine der folgenden Maßnahmen zur Bekämpfung von erhöhten Radonskonzentration zurückgreifen?: Innenräume regelmäßig lüften";"Nach dem Erhalt der Informationen, würden Sie falls die Ergebnisse der Messung es erfordern - auf eine der folgenden Maßnahmen zur Bekämpfung von erhöhten Radonskonzentration zurückgreifen?: Türen zum Keller abdichten";"Nach dem Erhalt der Informationen, würden Sie falls die Ergebnisse der Messung es erfordern - auf eine der folgenden Maßnahmen zur Bekämpfung von erhöhten Radonskonzentration zurückgreifen?: Fachspezifische Sanierung";"Stimmen Sie den folgenden Aussagen nicht zu oder zu?: bringt Lüften nichts.";"Stimmen Sie den folgenden Aussagen nicht zu oder zu?: ist regelmäßiges Lüften sicher ein guter Anfang.";"Stimmen Sie den folgenden Aussagen nicht zu oder zu?: beabsichtige ich regelmäßig zu Lüften, halte es aber für schwer umsetzbar (z.B Aufgrund von langer Abwesenheit, Kälte, Kindern usw.).";"Stimmen Sie den folgenden Aussagen nicht zu oder zu?: ist regelmäßiges Lüften ein geringer Aufwand, der sich für mich auf jeden Fall lohnt.";"Stimmen Sie den folgenden Aussagen nicht zu oder zu?: weiß ich nicht, wie ich wirksam lüften soll.";"Stimmen Sie den folgenden Aussagen nicht zu oder zu?: weiß ich, in welchen Fällen ist es empfehlenswert, die Innenräume zu lüften.";"Stimmen Sie den folgenden Aussagen nicht zu oder zu?: bringen Abdichtungen nichts.";"Stimmen Sie den folgenden Aussagen nicht zu oder zu?: ist es sinnvoll, Abdichtungen zu überprüfen und ggf. zu erneuern.";"Stimmen Sie den folgenden Aussagen nicht zu oder zu?: fehlt mir die Zeit, die Abdichtungen zu überprüfen bzw. zu erneuern, obwohl ich die Maßnahme für sinnvoll halte.";"Stimmen Sie den folgenden Aussagen nicht zu oder zu?: ist der Aufwand für die Überprüfung und Erneuerung der Abdichtungen gering und lohnend.";"Stimmen Sie den folgenden Aussagen nicht zu oder zu?: weiß ich nicht, wie ich Abdichtungen richtig überprüfen und ggf. erneuern soll.";"Stimmen Sie den folgenden Aussagen nicht zu oder zu?: würde ich mich entweder selber darum kümmern oder jemanden beauftragen, die Abdichtungen zu überprüfen und ggf. zu erneuern.";"Stimmen Sie den folgenden Aussagen nicht zu oder zu?: kann eine Sanierung das Problem nicht vollständig beseitigen.";"Stimmen Sie den folgenden Aussagen nicht zu oder zu?: ist es sinnvoll, eine Sanierung durchzuführen.";"Stimmen Sie den folgenden Aussagen nicht zu oder zu?: schätze ich die Kosten für die erforderliche Sanierung als zu hoch ein.";"Stimmen Sie den folgenden Aussagen nicht zu oder zu?: wäre ich trotz der Kosten bereit, die erforderliche Sanierung durchzuführen.";"Stimmen Sie den folgenden Aussagen nicht zu oder zu?: weiß ich nicht, wie ich eine professionelle Radonsanierung durchführen lassen kann.";"Stimmen Sie den folgenden Aussagen nicht zu oder zu?: würde ich jetzt wissen, wie ich das Radonrisiko definitiv beseitigen kann.";"Stimmen Sie den folgenden Aussagen nicht zu oder zu?: Ich bin mir unsicher, ob ich die Radonkonzentration in meinem Wohnraum messen lassen soll.";"Stimmen Sie den folgenden Aussagen nicht zu oder zu?: Falls in meinem Wohnraum hohe Radonkonzentrationen gemessen werden, bin ich unsicher, wie ich weiter vorgehen soll.";"Stimmen Sie den folgenden Aussagen nicht zu oder zu?: Ich bin mir unsicher, ob ich vorsorglich ? auch ohne Messung ? Maßnahmen wie Lüften oder Türen abdichten ergreifen soll.";"Stimmen Sie den folgenden Aussagen nicht zu oder zu?: Ich bin unsicher, ob ich vom Radonrisiko betroffen bin.";"Komm S 2: [01]";"Komm S 3: [01]";"Komm S 4: [01]";"Komm S 5: [01]";"Komm S 6: [01]";"Komm S 11: [01]";"Komm S 12: [01]";"Komm S 13: [01]";"Komm S 14: [01]";"Komm S 15: [01]";"Komm S 16: [01]";"Komm S 18: [01]";"Komm S 19: [01]";"Komm S 20: [01]";"Verweildauer Seite 1";"Verweildauer Seite 2";"Verweildauer Seite 4";"Verweildauer Seite 6";"Verweildauer Seite 8";"Verweildauer Seite 9";"Verweildauer Seite 10";"Verweildauer Seite 11";"Verweildauer Seite 12";"Verweildauer Seite 13";"Verweildauer Seite 14";"Verweildauer Seite 15";"Verweildauer Seite 16";"Verweildauer Seite 17";"Verweildauer Seite 18";"Verweildauer Seite 19";"Verweildauer Seite 20";"Verweildauer Seite 21";"Verweildauer Seite 22";"Verweildauer Seite 23";"Verweildauer Seite 24";"Verweildauer Seite 25";"Verweildauer Seite 26";"Verweildauer Seite 27";"Verweildauer gesamt (ohne Ausreißer)";"Versandzeitpunkt der Einladungsmail (nur für nicht-anonyme Adressaten)";"Zeitpunkt als der Datensatz das letzte mal geändert wurde";"Wurde die Befragung abgeschlossen (letzte Seite erreicht)?";"Hat der Teilnehmer den Fragebogen nur angesehen, ohne die Pflichtfragen zu beantworten?";"Seite, die der Teilnehmer zuletzt bearbeitet hat";"Letzte Seite, die im Fragebogen bearbeitet wurde";"Anteil fehlender Antworten in Prozent";"Anteil fehlender Antworten (gewichtet nach Relevanz)";"Maluspunkte für schnelles Ausfüllen";"Maluspunkte für schnelles Ausfüllen"
165;;;"base";"interview";2020-07-29 17:59:21;"2";"2";"1";"1";"1";"1";"1";"1";"1";1;"1968";"09116";4;"1";1;1;2;;6;1;1;2;1;3;4;2;6;1;1;1;1;1;2;-1;3;3;-1;-1;-1;1;1;1;2;1;;1;;1;1;1;1;-1;1;1;1;1;4;4;3;3;3;2;3;3;3;3;"sehr übersichtlich";"habe das gefühl das dies ein weiterer versuch von panikmache ist";-1;2;1;1;2;1;1;2;2;2;2;3;4;3;2;2;2;1;-1;1;-1;-1;4;1;4;-1;;;;;;4;2;3;3;-1;1;4;-1;4;1;3;1;4;3;3;1;-1;4;-1;-1;-1;-1;-1;1;-1;-1;-1;;;;;;;;;;;;;;;4;3;;5;27;22;12;13;43;5;36;96;6;59;76;74;44;4;34;9;;33;76;20;701;;2020-07-29 18:11:02;1;0;27;27;15;1;1.2;14
166;;;"base";"interview";2020-07-29 18:28:40;"2";"2";"2";"1";"2";"2";"1";"1";"1";2;"1961";"01108";5;"2";1;2;2;;7;2;1;1;3;3;3;2;6;1;1;1;2;1;1;4;1;3;4;4;1;3;3;3;2;1;;1;;1;1;4;1;4;-1;3;4;2;5;5;5;5;5;5;5;5;5;5;"Sachlich und informativ";"nichts";2;2;1;2;2;2;4;4;2;2;1;4;4;4;3;2;2;2;;;;;;;;2;;;;;;4;4;4;4;4;1;4;2;4;1;4;1;4;1;4;1;4;3;4;2;4;1;3;2;1;1;2;;;;;;;;;;;;;;;9;3;;6;22;30;6;7;29;5;57;66;6;245;24;61;43;6;;8;;15;59;15;722;;2020-07-29 18:40:42;1;0;27;27;14;1;1.25;14
167;;;"base";"interview";2020-07-29 19:06:38;"1";"1";"1";"1";"1";"2";"1";"1";"1";1;"1965";"83278";4;"1";1;1;1;14;;1;1;2;2;2;3;1;;;;;;;;;;;;;;;;;2;;;;;;;;;;;;;2;5;5;4;4;5;2;3;4;4;4;"übersichtlich";"viel Text";2;2;1;1;2;2;;2;1;2;1;3;3;3;-1;2;2;1;-1;2;-1;3;3;-1;2;2;;;;;;3;3;3;3;3;2;3;2;3;1;-1;2;3;-1;-1;3;3;2;3;-1;-1;3;3;3;3;2;2;;;;;;;;;;;;;;;3;3;8;;24;25;6;;;6;;71;18;856;59;63;60;7;40;11;;23;100;27;741;;2020-07-29 19:30:08;1;0;27;27;15;1;1.04;8
168;;;"base";"interview";2020-07-29 19:41:02;"1";"1";"1";"1";"1";"1";"1";"1";"1";2;"1977";"01723";4;"3";2;1;2;;4;2;2;1;2;3;3;1;;;;;;;;;;;;;;;;;2;;;;;;;;;;;;;2;4;5;4;5;5;2;5;5;4;3;;;2;2;1;2;2;2;;2;-1;2;1;4;3;4;-1;-1;-1;1;2;2;4;4;4;4;4;1;4;4;4;;;3;4;-1;-1;-1;-1;3;2;3;2;4;2;4;3;3;3;4;-1;-1;-1;-1;-1;-1;3;4;4;4;;;;;;;;;;;;;;;19;3;;3;19;18;10;;;6;;43;4;72;16;35;29;10;16;5;6;12;35;9;370;;2020-07-29 19:47:13;1;0;27;27;18;3;1.78;43
169;;;"base";"interview";2020-07-29 20:18:00;"1";"1";"1";"1";"1";"1";"1";"1";"1";1;"1982";"01169";4;"1";1;1;2;;7;1;1;2;2;2;4;1;;;;;;;;;;;;;;;;;1;;;;;;;;;;;;;1;4;4;4;4;4;2;4;4;4;3;"gut zu verstehender text";"nichts";1;-1;1;-1;1;-1;;3;3;2;2;3;3;3;3;3;2;1;2;2;3;3;3;3;2;1;3;3;3;;;2;2;2;2;2;2;3;3;2;2;3;3;3;2;3;2;3;3;2;3;3;3;3;3;2;3;3;;;;;;;;;;;;;;;2;3;;3;17;21;3;;;4;;43;7;87;36;90;32;5;18;14;12;15;35;5;452;;2020-07-29 20:25:32;1;0;27;27;16;1;1.73;42
170;;;"base";"interview";2020-07-29 20:29:44;"2";"2";"2";"1";"2";"2";"2";"1";"1";2;"1953";"08321";5;"2";1;1;2;;3;2;2;2;3;3;2;2;6;1;1;1;1;1;2;4;4;4;3;2;3;3;3;3;2;1;;1;;1;1;4;4;4;4;4;4;2;5;5;5;5;5;3;5;5;5;5;;;2;2;1;1;2;2;1;1;2;4;-1;2;3;3;3;3;2;1;3;3;4;2;2;3;3;2;;;;;;4;4;4;4;-1;4;3;3;3;1;4;-1;4;4;3;3;3;4;2;2;2;3;3;-1;-1;-1;-1;;;;;;;;;;;;;;;3;5;;5;33;23;7;16;30;6;34;78;4;69;34;36;46;5;22;13;;15;46;19;549;;2020-07-29 20:38:53;1;0;27;27;16;2;1.39;21
171;;;"base";"interview";2020-07-29 20:42:17;"2";"1";"1";"1";"1";"1";"1";"1";"1";1;"1956";"20184";5;"1";1;2;2;;4;1;2;2;2;3;4;2;6;-1;1;1;1;1;1;3;4;4;4;-1;1;2;1;1;2;1;;1;;1;1;-1;-1;-1;-1;-1;-1;2;5;5;5;5;5;3;5;5;5;4;;;2;2;1;-1;2;2;3;3;-1;2;3;3;4;3;-1;2;1;1;-1;1;4;-1;-1;3;-1;2;;;;;;4;-1;4;4;-1;2;4;3;4;1;4;-1;4;-1;-1;3;-1;-1;4;4;-1;2;2;2;3;-1;2;;;;;;;;;;;;;;;10;4;;5;21;20;9;6;43;6;44;120;8;270;27;61;53;7;29;12;;20;86;21;882;;2020-07-29 20:57:00;1;0;27;27;16;2;1.08;7
173;;;"base";"interview";2020-07-29 21:27:33;"1";"1";"1";"1";"1";"1";"1";"1";"1";2;"1966";"93437";4;"2";1;2;1;18;;1;1;1;3;3;3;1;;;;;;;;;;;;;;;;;2;;;;;;;;;;;;;2;3;3;3;3;3;4;2;3;2;3;"nichts";"zu kompliziert";1;2;-1;1;-1;-1;;-1;2;2;-1;3;3;-1;2;2;2;1;3;1;3;-1;4;-1;-1;1;3;3;3;;;4;3;4;3;1;1;4;1;4;1;3;-1;-1;-1;-1;-1;-1;-1;-1;4;1;4;-1;1;2;2;2;;;;;;;;;;;;;;;24;4;10;;28;20;6;;;5;;65;12;273;54;44;39;6;39;8;13;23;66;22;761;;2020-07-29 21:40:14;1;0;27;27;16;1;1.07;7
174;;;"base";"interview";2020-07-29 21:50:00;"1";"1";"1";"1";"1";"1";"1";"1";"1";1;"1950";"85716";5;"2";1;1;1;19;;2;2;1;3;3;-1;2;6;1;1;1;1;1;2;4;3;1;4;4;1;3;2;2;2;1;;1;;1;1;1;1;1;1;1;3;2;5;5;5;5;5;1;5;5;5;5;"Grundsatzinfos";"nichts";1;2;1;2;2;-1;1;3;1;1;1;4;4;4;4;3;2;1;-1;1;3;4;4;1;4;1;4;4;4;;;4;1;4;1;4;-1;4;4;4;1;4;2;4;3;3;4;4;4;4;4;1;4;4;4;4;4;4;;"Wohne in Reihenhaus";;;;;;;;;;;;;2;4;8;;32;51;6;4;47;6;38;91;7;92;41;70;49;6;36;14;17;22;95;23;761;;2020-07-29 22:02:41;1;0;27;27;15;1;1.19;14
175;;;"base";"interview";2020-07-30 09:35:11;"1";"1";"1";"1";"1";"1";"1";"1";"1";1;"1966";"93413";5;"4";2;2;1;18;;2;1;1;2;3;3;2;6;1;1;1;1;1;2;4;3;4;4;4;3;4;4;4;2;1;;2;"Isolation";1;2;3;2;2;2;3;3;1;5;5;5;5;5;2;4;4;5;5;"Gut, da ich zum ersten mal etwas über die konkrete Gefährdung meines Hauses durch Radon erfahre.";"nichts";2;2;1;2;2;2;4;4;2;2;1;4;4;3;4;4;4;2;;;;;;;;2;;;;;;4;4;4;4;4;2;3;2;3;2;3;2;3;3;2;3;3;3;3;4;2;3;1;3;3;2;2;;;;;;;;;;;;;;;13;7;15;;28;24;6;9;38;5;50;123;18;272;65;69;43;4;;7;;14;67;18;895;;2020-07-30 09:50:06;1;0;27;27;13;1;1.03;8
177;;;"base";"interview";2020-07-30 14:40:41;"2";"2";"1";"1";"1";"1";"1";"1";"1";1;"1958";"01139";5;"1";1;1;2;;7;1;1;2;3;3;2;2;6;2;1;1;2;1;2;4;3;4;4;4;3;3;2;2;2;1;;1;;1;1;2;1;3;2;2;4;2;3;5;5;3;3;2;3;4;4;3;"-";"-";1;2;1;1;2;2;1;3;2;-1;1;4;3;3;3;3;2;1;1;1;1;1;4;1;1;-1;;;;;;4;-1;4;-1;-1;2;3;3;4;1;3;1;4;-1;2;-1;3;3;3;-1;-1;-1;3;2;2;2;3;;;;;;;;;;;;;;;2;3;;5;19;27;5;6;36;4;45;99;7;186;43;52;70;5;29;8;;21;160;33;865;;2020-07-30 14:55:07;1;0;27;27;15;1;1.24;16
179;;;"base";"interview";2020-07-30 15:31:23;"1";"1";"1";"1";"1";"1";"1";"1";"1";1;"1946";"08523";4;"2";1;1;2;;2;1;1;2;3;3;2;1;;;;;;;;;;;;;;;;;1;;;;;;;;;;;;;1;-1;-1;-1;-1;-1;-1;-1;-1;-1;-1;;;-1;-1;-1;-1;-1;-1;2;1;2;2;2;3;4;3;2;2;2;1;-1;1;-1;1;4;-1;2;1;4;4;4;;;4;3;4;4;3;4;4;2;4;4;3;3;3;2;2;4;4;3;3;4;2;3;3;4;3;3;4;;;;;;;;;;;;;;;5;4;;4;31;16;9;;;6;;56;7;291;27;39;77;7;70;12;26;26;150;42;905;;2020-07-30 15:46:28;1;0;27;27;18;3;1.05;10
180;;;"base";"interview";2020-07-30 15:38:50;"2";"1";"1";"1";"1";"1";"1";"1";"1";1;"1958";"09488";5;"3";1;2;2;;3;1;1;2;3;-1;2;2;6;1;1;1;1;1;2;1;3;4;1;1;3;1;1;1;2;1;;1;;1;1;1;1;1;1;1;2;2;4;4;-1;3;4;2;4;4;4;3;"strukturierung der seite";"nichts";2;2;-1;2;2;-1;1;1;1;1;1;2;-1;2;1;1;1;1;-1;1;-1;4;4;-1;4;1;4;4;4;;;3;-1;3;-1;-1;-1;-1;-1;-1;-1;-1;-1;-1;-1;-1;-1;-1;-1;-1;-1;-1;-1;-1;1;-1;-1;-1;;;;;;;;;;;;;;;8;5;;5;39;30;7;9;57;8;46;98;25;89;88;93;68;5;44;10;23;38;74;34;903;;2020-07-30 15:53:54;1;0;27;27;16;1;0.9;4
181;;;"base";"interview";2020-07-30 15:39:30;"2";"1";"2";"2";"1";"2";"1";"1";"1";2;"1959";"84405";5;"3";1;1;1;5;;2;1;1;3;3;-1;2;6;2;2;1;1;1;2;3;3;4;1;3;2;2;1;1;2;1;;1;;1;1;2;1;2;-1;-1;3;2;5;5;5;4;5;3;4;4;5;4;"die klare Aufteillung und farbliche wie graphische Gestaltung";"nichts";2;2;1;1;2;2;3;2;2;2;1;4;4;3;2;2;1;1;1;1;2;4;3;3;1;2;;;;;;4;4;4;4;3;2;4;2;4;1;4;2;3;2;4;1;2;4;4;3;3;2;4;2;1;2;2;;"das gesamte Haus hat 3 Etagen";;;;;;;;;;;;;8;3;10;;21;35;7;7;30;5;35;72;8;301;48;421;40;5;20;9;;26;56;16;826;;2020-07-30 15:59:15;1;0;27;27;14;1;1.15;11
182;;;"base";"interview";2020-07-30 15:42:14;"1";"1";"1";"1";"1";"1";"1";"1";"1";1;"1964";"01705";4;"2";1;1;2;;4;1;1;2;2;3;4;2;6;1;1;1;2;1;1;4;3;4;1;4;2;4;4;3;2;1;;1;;2;2;3;1;3;1;1;3;1;5;5;5;5;5;2;4;5;5;5;"für mich war das gelesene nichts neues aber für viele andere die sich damit noch nicht beschäftigt haben ist es sehr nützlich und informatief";"nix...alles gut";1;2;1;2;2;2;1;3;3;2;2;4;3;3;4;4;2;1;1;1;1;4;4;1;1;2;;;;;;4;4;4;4;4;1;4;1;4;1;4;1;4;1;4;1;4;2;4;3;-1;1;4;1;1;1;1;;;;"aber nicht im 5ten stock ;-)";;;;;"ich wohne im 5ten stock und wir haben einen keller mit betonplatte";;;;;;10;3;;4;32;27;7;9;71;6;51;110;31;322;112;74;85;48;39;9;;29;111;16;1165;;2020-07-30 16:02:20;1;0;27;27;13;1;0.85;3
183;;;"base";"interview";2020-07-30 16:04:42;"1";"1";"1";"1";"1";"1";"1";"1";"1";2;"1982";"01187";5;"1";1;1;2;;7;1;1;2;1;1;4;1;;;;;;;;;;;;;;;;;1;;;;;;;;;;;;;2;3;3;2;2;2;2;3;3;4;4;;;2;1;1;2;2;2;3;3;2;2;2;3;3;3;2;3;3;1;3;3;3;2;2;2;2;1;2;3;3;;;3;3;2;2;2;3;3;3;2;2;2;4;4;4;4;3;3;3;3;2;3;2;2;3;3;2;2;;;;;;;;;;;;;;;2;2;;64;20;15;3;;;3;;57;2;13;61;8;15;3;8;4;4;4;14;4;248;;2020-07-30 16:09:48;1;0;27;27;18;3;2.36;132
184;;;"base";"interview";2020-07-30 16:58:21;"2";"2";"2";"2";"2";"1";"1";"1";"1";1;"1959";"95173";4;"1";1;1;1;23;;1;1;2;1;3;3;2;6;1;1;1;1;1;2;3;3;2;3;2;4;3;3;3;2;1;;1;;1;1;4;2;4;2;2;3;2;5;5;4;4;4;2;4;4;5;4;"sehr viel Neues erfahren";"nichts";1;2;1;1;1;2;3;4;2;2;1;4;3;3;3;3;2;1;1;1;3;3;3;1;1;2;;;;;;4;4;4;4;2;1;4;1;4;1;4;1;4;2;3;3;2;1;4;2;2;2;4;2;1;1;1;;;;;;;;;;;;;;;126;7;12;;30;20;8;19;47;5;389;127;19;326;240;111;52;6;40;13;;29;88;33;1099;;2020-07-30 17:27:28;1;0;27;27;15;1;0.74;2
185;;;"base";"interview";2020-07-30 17:07:35;"1";"1";"1";"1";"1";"1";"1";"1";"1";1;"1981";"08340";4;"1";1;1;2;;3;1;1;2;3;1;4;2;6;3;1;2;1;2;2;4;2;4;2;3;3;2;3;2;2;1;;2;"Messgeräte,Messung der Behörde und zusätzliche Lüftung im Gebäude";1;2;4;2;4;2;2;4;2;5;5;4;5;5;2;5;4;4;4;"Erklärung zum Schluß.";;2;2;1;1;1;2;3;3;2;2;1;4;4;4;1;2;1;1;-1;-1;-1;1;3;-1;-1;2;;;;"Ich wohne zur Miete.";;-1;-1;4;4;4;1;4;-1;4;2;4;1;4;1;1;2;4;1;4;2;4;4;1;3;1;-1;3;;;;;;;;;;;;;;;6;4;;5;27;23;7;12;116;6;153;90;3;179;151;57;87;7;116;9;;31;232;41;1006;;2020-07-30 17:30:17;1;0;27;27;14;1;0.91;6
186;;;"base";"interview";2020-07-30 18:04:04;"2";"1";"1";"1";"1";"2";"1";"1";"1";2;"1947";"82110";4;"2";1;1;1;10;;2;1;2;3;3;4;1;;;;;;;;;;;;;;;;;2;;;;;;;;;;;;;1;5;3;3;3;3;2;4;4;3;3;;;2;2;1;2;2;1;3;2;1;1;1;3;4;3;3;3;3;1;-1;-1;-1;4;-1;-1;-1;1;-1;-1;-1;;;4;2;4;3;1;1;4;3;4;1;4;1;4;2;3;-1;3;-1;-1;3;3;3;-1;3;2;1;3;;;;;;;;;;;;;;;3;4;18;;33;29;7;;;6;;104;23;500;54;83;68;6;58;17;20;45;139;40;1257;;2020-07-30 18:25:01;1;0;27;27;18;3;0.83;4
187;;;"base";"interview";2020-07-30 18:07:25;"1";"1";"1";"1";"1";"1";"1";"1";"1";1;"1949";"01156";5;"2";1;1;2;;7;2;1;1;3;3;-1;2;6;2;1;1;2;1;2;4;4;4;4;4;4;2;2;2;2;1;;1;;1;1;3;2;3;1;1;4;2;4;4;4;4;4;2;4;4;4;4;;;2;2;1;2;2;2;2;2;2;2;1;3;3;3;3;3;2;1;3;3;3;3;3;3;3;2;;;;;;3;2;3;3;3;-1;3;2;3;2;3;-1;-1;-1;-1;-1;-1;-1;3;-1;-1;3;-1;-1;-1;-1;-1;;;;;;;;;;;;;;;3;4;;5;30;38;4;9;34;5;50;148;5;61;25;59;50;7;37;7;;21;67;15;684;;2020-07-30 18:18:50;1;0;27;27;16;2;1.32;18
188;;;"base";"interview";2020-07-30 18:17:28;"1";"1";"1";"1";"1";"1";"1";"1";"1";2;"1966";"01157";4;"1";1;1;2;;7;1;1;2;3;1;4;1;;;;;;;;;;;;;;;;;2;;;;;;;;;;;;;2;5;5;5;5;5;2;5;5;5;4;"sehr ausführlich geschildert";"zu viel Text";2;1;1;1;2;1;3;2;1;1;1;2;4;4;1;1;1;1;4;4;4;4;4;1;1;1;4;4;4;"sehe keine Notwendigkeit ";;4;1;4;1;1;1;4;1;4;1;4;3;4;1;3;3;2;2;3;4;1;3;2;1;1;1;1;;;;;;;;;;;;;;;13;6;;8;54;33;8;;;10;;152;10;71;75;94;73;6;60;12;16;35;134;36;906;;2020-07-30 18:32:35;1;0;27;27;15;1;0.81;4
189;;;"base";"interview";2020-07-30 18:24:46;"1";"1";"1";"1";"1";"1";"1";"1";"1";1;"1979";"09599";5;"1";1;1;2;;8;1;1;2;2;1;4;2;6;2;2;1;1;1;2;4;3;4;4;3;2;3;2;2;2;1;;1;;1;1;3;1;2;1;2;3;1;5;5;5;5;5;1;4;4;5;4;"Mischung Text/Bild";"---";2;2;1;2;2;2;3;2;2;2;3;3;3;3;3;3;3;1;1;2;2;3;1;1;1;2;;;;"Ich würde sie nicht persönlich machen / veranlassen, sondern den Vermieter.";;3;2;4;4;4;1;3;2;4;1;1;1;4;1;1;1;4;3;4;3;3;2;3;2;3;1;2;;;;;;;;;;;;;;;14;5;;10;75;29;9;9;52;6;45;94;21;206;66;60;48;7;58;11;;20;70;18;890;;2020-07-30 18:40:20;1;0;27;27;14;1;0.87;2
190;;;"base";"interview";2020-07-31 13:44:16;"1";"1";"1";"1";"1";"1";"1";"1";"1";1;"1967";"09405";4;"1";1;1;2;;3;1;1;2;1;3;4;2;6;3;1;2;2;1;2;4;3;4;4;3;2;3;3;4;2;1;;1;;1;1;4;3;4;2;2;4;1;5;5;5;4;5;1;4;5;5;4;"die Gliederung";"nichts";2;2;1;2;2;2;2;3;2;2;1;4;4;4;3;4;4;1;1;1;-1;4;2;1;1;2;;;;;;4;2;4;4;1;1;4;1;4;1;3;1;3;2;3;2;-1;2;4;-1;-1;4;2;-1;4;1;2;;;;;;;;;;;;;;;49;6;;11;35;21;10;8;44;5;43;61;19;158;51;52;48;7;27;13;;99;102;33;783;;2020-07-31 13:59:18;1;0;27;27;15;1;0.91;5
191;;;"base";"interview";2020-07-31 13:45:50;"1";"1";"1";"1";"1";"1";"1";"1";"1";2;"1951";"01259";4;"1";1;1;2;;7;1;1;2;3;3;2;1;;;;;;;;;;;;;;;;;1;;;;;;;;;;;;;2;3;3;3;3;2;5;3;2;2;2;"nichts";"ich habe es auch nach längeren betrachten nicht richtig verstanden";-1;-1;-1;-1;-1;-1;2;2;-1;-1;-1;-1;-1;-1;1;2;1;1;4;1;4;4;4;1;3;1;4;4;4;"ich bin nicht überzeugt davon, denn es kommt immer etwas neues raus und die Menschheit wird mit allem verrückt gemacht. Ich wohne jetzt schon 30 Jahre hier und mir ist bisher noch nichts aufgefallen.";;4;4;4;4;4;-1;-1;-1;-1;-1;-1;-1;-1;-1;-1;-1;-1;-1;-1;-1;-1;-1;-1;4;4;4;4;;;;;;;;;;"Was kommt als nächstes? Jetzt ist die Corona Pantemie was kommt dann, womit die Bevölkerung eingeschüchtert wird.";;;;;8;6;;9;36;36;9;;;7;;121;24;3661;92;50;97;11;269;17;23;14;25;10;818;;2020-07-31 15:01:15;1;0;27;27;14;1;0.88;11
193;;;"base";"interview";2020-07-31 13:56:20;"2";"1";"1";"1";"1";"1";"1";"1";"1";1;"1957";"01237";5;"3";1;1;2;;7;1;1;2;3;3;2;2;6;1;1;1;1;1;2;4;3;3;3;3;3;1;1;1;2;1;;1;;1;1;1;1;1;1;1;3;2;5;4;4;5;5;2;4;4;5;5;;;2;2;1;2;2;1;3;3;2;2;1;4;4;3;3;3;4;2;;;;;;;;2;;;;;;4;3;4;4;-1;4;4;2;4;1;3;2;3;4;2;4;4;1;4;3;-1;4;4;3;2;1;3;;;;;;;;;;;;;;;7;6;;7;37;44;9;11;57;6;65;193;33;414;51;91;92;9;;10;;37;143;37;1359;;2020-07-31 14:19:00;1;0;27;27;16;2;0.72;0
194;;;"base";"interview";2020-07-31 13:58:36;"2";"2";"2";"2";"2";"2";"1";"1";"1";1;"1957";"95448";5;"2";1;1;1;4;;2;2;1;3;3;2;1;;;;;;;;;;;;;;;;;2;;;;;;;;;;;;;1;4;5;5;5;5;3;4;5;4;5;"die auch bildlichen Erläuterungen und in großen Zügen einfache Erklärungen über Radon";"Manchmal etwas zu kompliziert und wissenschaftlich";1;2;1;2;1;2;3;2;2;2;1;3;4;4;3;4;3;2;;;;;;;;2;;;;;;4;3;4;4;4;1;4;1;4;1;4;1;4;1;4;2;4;2;4;2;4;1;4;2;2;1;2;;;;;;;;;;;;;;;23;5;6;;27;29;7;;;5;;75;6;472;94;50;42;6;;12;;17;72;20;968;;2020-07-31 14:14:45;1;0;27;27;14;1;1.05;8
195;;;"base";"interview";2020-07-31 14:03:46;"1";"1";"1";"1";"1";"1";"1";"1";"1";2;"1963";"94107";4;"2";1;1;1;16;;1;1;1;3;3;3;1;;;;;;;;;;;;;;;;;2;;;;;;;;;;;;;2;5;5;5;5;5;5;5;5;5;5;"Nichts Besonderes";"Nichts";-1;-1;-1;-1;-1;-1;1;-1;-1;-1;-1;4;4;4;-1;-1;-1;1;-1;-1;-1;-1;-1;-1;-1;-1;;;;;;4;4;4;4;4;-1;-1;-1;-1;-1;-1;-1;-1;-1;-1;-1;-1;-1;-1;-1;-1;-1;-1;-1;-1;-1;-1;;;;;;;;;;;;;;;75;6;8;;55;53;11;;;7;;47;5;52;25;18;22;7;28;10;;8;14;14;397;;2020-07-31 14:11:32;1;0;27;27;14;1;1.54;45
196;;;"base";"interview";2020-07-31 14:09:15;"1";"1";"1";"1";"1";"1";"1";"1";"1";1;"1958";"82110";5;"2";1;1;1;10;;2;1;1;3;3;2;2;6;1;1;1;1;1;2;2;4;1;1;3;4;1;1;1;1;1;;1;;1;1;2;2;3;4;2;1;1;2;3;1;1;1;5;4;3;2;2;;;2;2;1;1;2;1;2;1;2;2;2;2;4;1;1;1;1;1;3;2;4;2;3;3;4;1;4;4;3;;;2;2;3;2;2;4;3;3;3;4;2;3;3;3;2;3;3;2;2;3;3;4;3;3;3;3;3;;;;;;;;;;;;;;;3;5;10;;27;29;6;9;41;8;46;41;8;35;33;37;40;6;28;8;16;16;50;14;516;;2020-07-31 14:17:51;1;0;27;27;17;2;1.36;24
197;;;"base";"interview";2020-07-31 14:12:04;"1";"1";"1";"1";"1";"1";"1";"1";"1";1;"1975";"82256";5;"2";1;1;1;10;;2;2;1;2;2;2;2;6;1;1;1;1;1;2;4;2;4;4;4;2;2;2;2;2;1;"GSF/Helmholz";1;;1;2;3;2;2;2;2;3;2;3;3;4;4;3;3;3;3;3;3;;;1;2;1;1;2;2;3;3;3;3;3;3;3;3;3;3;3;-1;;;;;;;;-1;;;;;;4;4;4;4;4;2;4;4;4;2;2;1;4;4;4;1;2;4;4;3;3;2;3;3;3;3;3;;;;;;;;;;;;;;;7;5;8;;40;47;10;6;44;6;99;92;3;22;19;47;20;9;;12;;18;86;10;610;;2020-07-31 14:22:15;1;0;27;27;15;2;1.36;36
198;;;"base";"interview";2020-07-31 14:12:54;"2";"2";"2";"2";"2";"2";"1";"1";"1";2;"1987";"95666";5;"5";2;1;1;25;;2;2;1;2;3;2;1;;;;;;;;;;;;;;;;;2;;;;;;;;;;;;;1;5;5;5;5;5;1;5;5;5;5;"alles";"nichts";1;2;1;2;1;2;4;4;2;2;1;4;4;2;4;4;4;1;1;1;4;4;4;4;4;2;;;;;;4;-1;4;4;4;1;4;1;4;1;4;1;4;1;4;1;4;1;4;3;4;1;4;1;1;1;1;;;;;;;;;;;;;;;97;6;16;;101;28;17;;;18;;5918;14;292;29;66;51;8;28;11;;22;6777;40;837;;2020-07-31 17:58:33;1;0;27;27;14;1;0.69;3
199;;;"base";"interview";2020-07-31 14:14:31;"1";"1";"1";"1";"1";"1";"1";"2";"1";2;"1991";"09599";5;"2";1;1;2;;8;1;1;2;1;1;4;1;;;;;;;;;;;;;;;;;2;;;;;;;;;;;;;1;5;5;5;5;5;2;4;5;5;5;"sehr sachlich";"--";2;2;1;1;2;1;2;3;2;2;2;4;4;3;4;3;3;1;2;4;3;4;3;3;3;2;;;;;;3;2;4;4;3;1;3;3;4;2;3;1;4;3;3;3;3;2;4;2;3;2;3;2;2;2;3;;;;;;;;;;;;;;;29;3;;3;15;18;5;;;33;;187;7;73;28;68;36;4;19;6;;13;81;18;619;;2020-07-31 14:25:18;1;0;27;27;14;1;1.4;26
200;;;"base";"interview";2020-07-31 14:21:54;"1";"1";"1";"1";"1";"1";"1";"1";"1";1;"1945";"09669";4;"2";1;2;2;;8;1;1;2;3;3;2;1;;;;;;;;;;;;;;;;;2;;;;;;;;;;;;;2;5;5;5;4;5;1;5;5;5;5;"alles";"nichts";2;2;-1;-1;2;2;1;3;2;2;1;4;4;3;3;1;1;1;-1;1;4;4;4;3;3;1;4;4;4;;;4;1;4;4;2;4;4;1;4;1;4;-1;-1;-1;-1;-1;-1;-1;-1;-1;1;1;1;4;4;4;1;;;;;;;;;;;;;;;5;6;;13;71;63;10;;;11;;276;11;657;89;107;137;13;52;20;18;37;226;45;1555;;2020-07-31 14:53:01;1;0;27;27;16;1;0.57;1
201;;;"base";"interview";2020-07-31 14:23:22;"1";"1";"1";"1";"1";"1";"1";"1";"1";1;"1943";"04720";5;"2";1;1;2;;8;2;1;1;3;3;2;2;6;2;1;1;2;1;2;3;3;4;2;3;3;1;1;1;2;1;;1;;1;1;3;1;2;1;1;3;2;5;4;4;4;4;1;4;4;4;5;"War verständlich und sachlich ";"Nichts ";2;2;1;1;2;2;2;2;2;2;1;3;3;4;2;2;1;1;1;1;1;4;3;1;1;2;;;;"Das Problem ist mir bekannt und der Standort meines Hauses gibt keinen Anlass zur Sorge.";;4;1;4;3;3;1;4;1;4;1;4;1;4;1;3;1;3;3;2;3;2;1;4;1;1;1;1;;;;;;;;;;;;;;;21;5;;8;40;39;7;10;70;6;73;126;21;350;144;99;76;8;140;10;;33;156;28;1366;;2020-07-31 14:47:52;1;0;27;27;14;1;0.68;0
202;;;"base";"interview";2020-07-31 14:25:42;"1";"1";"1";"1";"1";"1";"1";"1";"1";2;"1956";"94474";3;"3";1;1;1;16;;2;1;1;3;3;3;2;6;1;1;1;1;1;2;3;1;3;3;3;1;2;2;1;2;1;;1;;1;1;3;3;2;1;1;2;2;5;5;5;5;5;1;4;5;5;5;"alles war aufschlussreich an Informationen";"war nichts dabei";1;2;1;2;2;2;4;3;2;2;1;4;4;4;3;3;2;1;3;1;3;4;3;2;3;2;;;;;;4;4;4;4;3;3;4;4;4;1;3;3;4;2;2;2;4;3;4;3;2;3;2;4;3;1;2;;;;;;;;;;;;;;;39;5;11;;42;43;10;19;81;10;46;111;25;216;138;84;75;11;58;14;;24;120;28;1178;;2020-07-31 14:45:52;1;0;27;27;15;1;0.68;0
203;;;"base";"interview";2020-07-31 14:31:03;;;;;;;;;;;;;;;;;1;1;;;;;;;;;;;;;;;;;;;;;;;;;;;;;;;;;;;;;;;;;;;;;;;;;;;;;;;;;;;;;;;;;;;;;;;;;;;;;;;;;;;;;;;;;;;;;;;;;;;;;;;;;;;;;;;;;;;;;;;;;;;4;4;13;;;;;;;;;;;;;;;;;;;;;;21;;2020-07-31 14:31:24;1;0;4;4;0;0;1.2;13
204;;;"base";"interview";2020-07-31 14:46:12;"1";"1";"1";"1";"1";"1";"1";"1";"1";2;"1967";"95615";4;"4";1;1;1;23;;2;1;1;3;3;2;2;6;2;1;1;2;1;2;4;3;4;4;4;1;3;4;4;2;1;;1;;1;1;3;2;3;2;2;4;1;4;4;4;4;4;3;3;3;4;4;;;1;2;1;1;-1;-1;3;3;2;2;2;3;4;2;3;4;4;2;;;;;;;;2;;;;;;4;4;4;4;4;2;3;3;3;2;2;2;3;2;3;2;3;2;3;2;3;2;3;2;3;3;3;;;;;;;;;;;;;;;2;3;13;;23;22;5;7;45;4;26;30;3;23;24;44;55;5;;6;;10;54;12;416;;2020-07-31 14:53:08;1;0;27;27;16;2;1.75;51
206;;;"base";"interview";2020-07-31 14:47:40;"1";"1";"1";"1";"1";"1";"1";"1";"1";1;"1957";"85354";4;"2";1;1;1;12;;2;1;2;3;1;4;2;6;1;1;1;1;1;2;3;3;3;2;3;2;2;2;2;2;1;;1;;1;1;2;2;2;2;2;4;1;4;4;3;3;4;2;4;3;3;3;"Darstellung von Lösungen";;2;2;1;1;2;2;2;2;2;2;1;3;3;2;2;2;3;1;-1;-1;-1;-1;-1;-1;4;2;;;;"Da ich eine Eigentumswohnung in einem Mehrfamilienhaus bewohne, muss das Thema in der Eigentümerversammlung bepsorchen und dort Massnahmen beschlossen werden.";;3;3;3;3;3;-1;3;2;3;2;2;2;3;-1;3;3;3;-1;3;-1;3;-1;2;2;2;-1;3;;;;;;;;;;;;;;;13;3;11;;30;29;7;16;46;5;49;140;7;53;41;74;58;5;108;8;;16;93;23;835;;2020-07-31 15:01:35;1;0;27;27;15;1;1.07;10
209;;;"base";"interview";2020-07-31 15:07:45;"1";"1";"1";"1";"1";"1";"1";"1";"1";1;"1968";"01809";4;"2";1;1;2;;4;2;2;1;1;3;2;1;;;;;;;;;;;;;;;;;2;;;;;;;;;;;;;1;3;3;3;3;3;3;3;3;3;3;;;-1;-1;-1;-1;-1;-1;-1;-1;-1;-1;-1;-1;-1;-1;-1;-1;-1;1;-1;-1;-1;-1;-1;-1;-1;1;-1;-1;-1;;;-1;-1;-1;-1;-1;-1;-1;-1;-1;-1;-1;-1;-1;-1;-1;-1;-1;-1;-1;-1;-1;-1;-1;-1;-1;-1;-1;;;;;;;;;;;;;;;447;3;;9;28;36;7;;;7;;121;2;12;13;19;15;6;6;10;3;4;15;5;328;;2020-07-31 15:20:33;1;0;27;27;18;3;1.94;105
211;;;"base";"interview";2020-07-31 15:19:04;"2";"2";"2";"2";"2";"2";"1";"1";"1";1;"1961";"95444";5;"2";1;2;1;4;;2;1;1;3;3;2;2;6;3;1;2;2;1;2;3;3;4;3;3;3;3;3;2;2;1;;1;;1;2;4;2;4;2;2;4;2;5;5;5;5;5;2;4;4;5;5;"gute umfassende gliederung und aufbau";"mit chemischen formeln können nur wenige etwas anfangen";2;2;1;2;2;2;1;2;2;2;1;3;4;3;2;3;3;1;3;1;-1;3;3;3;2;2;;;;;;3;2;4;4;3;1;4;2;4;2;3;2;4;2;2;3;3;2;3;3;3;2;3;2;2;2;2;;;;;;;;;;;;;;;3;3;5;;23;24;5;5;34;5;38;68;6;153;69;60;53;6;25;8;;21;79;19;712;;2020-07-31 15:30:56;1;0;27;27;15;1;1.32;17
212;;;"base";"interview";2020-07-31 15:43:50;"1";"1";"1";"1";"1";"1";"1";"1";"1";2;"1954";"09113";4;"2";1;1;2;;6;1;1;2;3;3;4;2;6;1;1;1;1;1;2;1;3;4;1;1;4;2;1;1;2;1;;1;;1;1;4;4;2;2;-1;4;1;5;5;5;5;5;1;5;5;5;5;"Was als vorsichtsmaßnahme getan werden kann.";"Etwas zu lang.";2;2;1;2;2;2;4;4;2;2;1;4;4;4;3;4;3;1;1;1;4;2;2;-1;-1;2;;;;;;4;4;4;4;-1;1;4;3;4;1;1;1;4;-1;4;-1;4;3;4;-1;-1;4;-1;4;-1;4;4;;;;;;;;;"Es muss ja bezahlt werden.";;;;;;21;7;;14;62;41;12;11;89;8;105;87;35;189;176;106;117;67;80;13;;49;225;99;1353;;2020-07-31 16:10:43;1;0;27;27;14;1;0.53;0
213;;;"base";"interview";2020-07-31 15:49:38;;;;;;;;;;;;;;;;;1;1;;;;;;;;;;;;;;;;;;;;;;;;;;;;;;;;;;;;;;;;;;;;;;;;;;;;;;;;;;;;;;;;;;;;;;;;;;;;;;;;;;;;;;;;;;;;;;;;;;;;;;;;;;;;;;;;;;;;;;;;;;;10;4;29;;;;;;;;;;;;;;;;;;;;;;25;;2020-07-31 15:50:21;1;0;4;4;0;0;0.69;0
214;;;"base";"interview";2020-07-31 15:54:31;"2";"2";"2";"2";"2";"2";"1";"2";"2";2;"1960";"01809";4;"2";1;2;2;;4;1;1;2;3;3;2;1;;;;;;;;;;;;;;;;;2;;;;;;;;;;;;;2;4;3;1;2;3;3;3;3;3;3;"nichts";"Panikmache";2;2;1;2;2;2;1;1;1;1;1;2;3;3;-1;1;1;1;4;1;4;4;4;-1;-1;1;4;4;4;"unnötig";;3;1;3;1;1;1;4;4;4;1;1;1;3;2;1;-1;1;4;1;4;1;-1;2;1;1;1;1;;;;;;"so wird Wohnraum unnötig teurer gemacht, nur das sich einige wenige eine goldene Nase verdienen, stülpt uns allen eine Glaskugel mit steriler Luft über, das hilft vielleicht, der menschliche Körper kann ja gar keine Abwehrkräfte mehr entwickeln, wenn alles auf die Goldwaage gelegt wird";;;;"vor mehr als 30 Jahren und auch jetzt hatten/haben wir andere Umweltprobleme und leben noch";;;;;31;3;;4;23;23;7;;;4;;90;16;341;251;62;49;6;99;8;18;23;89;20;946;;2020-07-31 16:13:58;1;0;27;27;13;1;0.95;6
215;;;"base";"interview";2020-07-31 16:00:33;"1";"1";"1";"1";"1";"1";"2";"2";"2";1;"1982";"92318";5;"4";2;1;1;25;;1;1;2;1;1;3;1;;;;;;;;;;;;;;;;;1;;;;;;;;;;;;;2;4;4;4;4;4;2;3;4;4;4;;;2;1;1;1;1;1;2;2;2;2;2;2;2;2;3;2;2;1;2;2;4;2;2;2;2;1;4;4;4;;;3;3;3;3;3;3;3;3;3;3;3;3;3;3;3;3;3;3;3;3;3;3;3;3;3;3;3;;;;;;;;;;;;;;;2;3;21;;33;28;6;;;6;;107;4;59;23;41;23;6;12;5;11;7;14;5;416;;2020-07-31 16:07:29;1;0;27;27;18;3;1.87;58
217;;;"base";"interview";2020-07-31 16:04:40;"1";"1";"1";"1";"1";"1";"1";"1";"1";2;"1951";"01169";5;"1";1;1;2;;7;1;1;2;3;2;4;2;6;1;1;1;1;1;2;4;3;3;2;3;3;3;2;2;2;1;;1;;1;1;3;3;3;-1;-1;3;2;5;4;4;4;5;1;5;5;5;5;"sehr informativ und verständlich";"nichts";2;2;1;1;2;2;3;2;2;2;1;3;4;3;2;2;1;1;-1;-1;-1;-1;-1;-1;4;1;-1;-1;-1;;;4;3;4;3;4;3;4;3;4;-1;3;2;3;-1;1;-1;3;-1;-1;-1;-1;-1;-1;2;3;2;3;;;;;;;;;;;;;;;5;3;;15;48;56;15;16;92;8;104;391;26;83;110;115;141;8;194;18;11;91;334;50;1059;;2020-07-31 16:36:54;1;0;27;27;16;1;0.65;5
218;;;"base";"interview";2020-07-31 16:08:33;"2";"1";"1";"1";"1";"1";"1";"1";"1";1;"1986";"08527";3;"1";1;1;2;;2;1;1;2;1;1;4;1;;;;;;;;;;;;;;;;;2;;;;;;;;;;;;;2;5;5;5;5;5;2;4;4;5;5;"sehr gut aufgebaut und gut erklärt!";"nichts";2;2;1;2;2;2;3;2;2;2;2;3;4;3;3;2;2;1;2;3;3;3;3;2;2;2;;;;;;4;2;4;2;2;2;3;2;3;1;3;1;3;3;2;3;3;3;3;3;1;3;3;3;2;2;2;;;;;;;;;;;;;;;5;3;;3;24;16;4;;;3;;66;8;126;49;47;43;4;26;11;;21;62;21;542;;2020-07-31 16:17:36;1;0;27;27;14;1;1.4;20
219;;;"base";"interview";2020-07-31 16:14:11;"1";"1";"1";"1";"1";"1";"1";"1";"1";1;"1951";"85570";5;"2";1;1;1;13;;2;2;2;2;3;2;2;6;2;1;1;2;1;2;4;3;4;2;4;2;4;2;1;2;1;;1;;1;1;4;3;3;2;2;4;1;5;5;5;4;5;1;5;5;5;5;"objektive Darstellung, aber keine Panikmache";"keine Angaben";1;2;1;1;2;2;1;3;1;2;1;4;4;4;4;4;4;-1;;;;;;;;-1;;;;;;4;4;4;4;-1;1;4;1;4;1;1;1;4;1;4;2;4;-1;4;-1;3;2;4;2;-1;1;4;;;;;;;;;;;;;;;17;5;22;;40;32;7;6;44;7;53;244;7;4;79;83;46;8;;11;;28;92;32;711;;2020-07-31 16:28:38;1;0;27;27;14;1;0.95;26
220;;;"base";"interview";2020-07-31 16:17:36;"2";"2";"2";"2";"2";"2";"1";"1";"1";2;"1967";"09599";4;"1";1;2;2;;8;1;1;2;1;3;3;2;6;1;1;1;1;1;2;3;1;3;2;2;1;-1;-1;-1;1;1;;1;;1;1;2;1;3;1;1;4;2;4;5;4;3;5;4;3;4;4;5;"Auch für normale Menschen gut erklärt, nicht so viele Fachbegriffe.";"Dass ich wahrscheinlich in so einem Gebiet lebe!";2;2;1;2;-1;-1;3;3;2;2;1;4;4;2;3;3;3;1;1;1;4;1;2;2;4;1;3;2;4;;"Bin Mieter in einer Wohnungsgesellschaft, und DIE sollte sich darum kümmern.";4;2;4;1;1;3;4;2;4;1;2;3;4;-1;-1;4;3;-1;-1;3;-1;4;-1;1;4;1;4;;;"Nicht viel, aber in den letzten Tagen war da was mit Belastung in Kindergärten?";;;;;;;;;"Sache des Vermieters!";;;87;4;;23;31;32;37;14;43;18;39;118;24;198;76;71;54;15;35;21;45;35;91;33;973;;2020-07-31 16:36:41;1;0;27;27;13;1;0.68;1
222;;;"base";"interview";2020-07-31 16:37:05;"1";"1";"1";"1";"1";"1";"1";"1";"1";1;"1969";"08066";4;"2";1;2;2;;5;1;1;2;3;3;4;2;6;1;1;1;1;1;2;3;2;3;3;3;1;2;2;2;1;1;;1;;1;1;-1;2;2;2;2;2;2;3;4;3;2;2;2;2;3;2;2;".";".";1;2;1;1;2;2;2;2;2;2;2;2;3;3;2;2;2;1;-1;2;3;3;2;-1;3;-1;;;;;;3;3;3;3;3;4;3;3;3;2;3;2;3;2;2;4;3;3;3;3;2;4;2;3;3;2;3;;;;;;".";;;;;;;;;5;3;;5;32;18;6;8;28;6;22;29;2;333;15;29;18;4;14;8;;12;22;6;625;;2020-07-31 16:47:33;1;0;27;27;14;1;1.89;52
223;;;"base";"interview";2020-07-31 17:18:25;"2";"2";"2";"2";"2";"2";"1";"1";"1";1;"1957";"01725";3;"2";1;2;2;;4;1;1;2;3;3;2;1;;;;;;;;;;;;;;;;;2;;;;;;;;;;;;;2;4;4;5;4;4;2;4;4;4;3;"nichts";"zu langatmig";2;2;1;1;2;2;1;2;1;3;1;4;4;3;3;3;3;1;4;1;4;2;3;-1;4;1;3;3;4;;;4;3;4;3;-1;4;4;4;4;3;-1;3;3;3;3;3;2;4;3;4;1;4;4;4;4;4;4;;;;;;;;;;;;;;;14;9;;15;63;55;13;;;9;;34;15;243;130;152;111;12;72;23;39;52;212;42;1266;;2020-07-31 17:40:20;1;0;27;27;16;1;0.6;4
225;;;"base";"interview";2020-07-31 18:15:51;"2";"2";"2";"2";"2";"2";"1";"1";"1";2;"1958";"95460";4;"2";1;1;1;3;;1;1;2;2;1;4;1;;;;;;;;;;;;;;;;;2;;;;;;;;;;;;;1;3;4;3;4;5;3;3;3;4;4;"Ich fühle mich darüber gut informiert. Aber für Laien ist es schlecht zu beurteilen.";"Das Vermieter nicht verplichtet werdenkönnen,dagegen zu gehen.";1;2;1;2;1;2;4;4;2;2;2;4;4;2;4;4;4;-1;;;;;;;;2;;;;;;4;-1;4;-1;-1;-1;-1;-1;-1;-1;-1;-1;-1;-1;-1;-1;-1;-1;-1;-1;-1;-1;-1;-1;-1;-1;-1;;"Ich warte auf meinen Auszug aus dieser Schrottimmobilie. Außerdem läßt der Vermieter immer mehr assoziale Familien ein ziehen. Das ist sehr anstrengend hier wohnen zu müssen. Ein sehr  lautes  Umfeld von Kindergeschrei,Hundegebell,Baulärm.dazu kommt noch von der Wohnumgebung der ständige Baulärm,das ist Folter pur!";;;;"Alle Vermieter müssten in der Pflicht sein,die Gebäude zu sanieren. Die Wohnungen in meinem Wohngebiet gehören eigentlich auf den Abrißplan.";;;"Das ist Aufgabe meines Vermieters,aber in welchem Schneckentempo der reagiert..............";;;;;;15;5;10;;32;405;22;;;7;;99;7;383;312;79;68;61;;14;;26;34;17;894;;2020-07-31 18:42:27;1;0;27;27;10;0;0.79;6
226;;;"base";"interview";2020-07-31 18:59:10;"1";"1";"1";"1";"1";"1";"1";"1";"1";2;"1947";"09328";3;"2";1;1;2;;6;1;1;2;3;3;3;2;6;1;2;1;1;1;1;-1;-1;-1;-1;-1;-1;2;1;1;2;1;;1;;1;1;4;4;1;2;2;2;2;4;4;4;4;4;3;4;4;4;4;;;2;2;1;1;2;2;3;3;1;1;1;3;-1;3;2;2;2;1;3;3;4;1;4;-1;4;2;;;;;;4;4;4;4;4;1;4;4;4;1;4;2;2;2;2;2;2;3;2;4;3;4;3;3;3;3;4;;;;;;;;;;;;;;;12;7;;39;67;60;17;28;81;10;97;84;38;258;74;130;147;12;80;19;;29;156;59;1282;;2020-07-31 19:24:14;1;0;27;27;16;2;0.52;0
227;;;"base";"interview";2020-07-31 19:54:04;"1";"1";"1";"1";"1";"1";"1";"1";"1";2;"1955";"91804";3;"3";1;1;1;22;;2;1;1;3;3;2;1;;;;;;;;;;;;;;;;;2;;;;;;;;;;;;;2;3;3;3;3;3;3;3;3;3;3;"keine";"keine";-1;-1;1;2;-1;-1;2;2;1;1;1;2;2;2;2;2;2;1;-1;1;-1;-1;2;-1;1;1;1;1;1;"weis nicht";;4;-1;4;-1;4;4;4;4;4;2;2;4;4;4;4;4;4;4;4;4;4;4;4;4;4;4;4;"seit 20 jahren nichtraucher";"wir besitzen ein 2familien haus";"kenne ich nicht";;;;;;;;;;;;5;4;28;;59;85;20;;;11;;151;17;56;42;65;47;14;66;13;35;26;85;46;790;;2020-07-31 20:08:40;1;0;27;27;12;0;0.82;8
228;;;"base";"interview";2020-07-31 20:07:36;"2";"1";"1";"1";"1";"1";"1";"1";"1";1;"1954";"01109";4;"2";1;1;2;;7;2;1;1;3;3;2;1;;;;;;;;;;;;;;;;;2;;;;;;;;;;;;;2;4;3;3;3;3;3;3;3;3;3;"nichts";"vieles";2;1;1;1;2;1;1;1;1;1;1;3;3;3;2;2;2;1;2;1;4;1;4;4;3;1;4;4;4;;;4;3;4;3;1;1;4;4;4;1;4;3;3;3;3;3;3;4;2;4;1;2;2;1;1;1;1;;;;;;;;;;;;;;;7;4;;8;33;23;6;;;6;;46;5;56;35;59;47;5;45;9;10;21;76;23;524;;2020-07-31 20:16:20;1;0;27;27;16;1;1.25;15
229;;;"base";"interview";2020-07-31 20:23:15;"2";"1";"2";"1";"1";"1";"1";"1";"1";2;"1957";"01067";4;"2";1;1;2;;7;1;1;2;3;3;4;2;6;1;1;1;1;1;2;2;3;3;2;3;3;2;2;2;2;1;;1;;1;1;-1;-1;-1;-1;-1;-1;1;4;4;4;5;5;2;4;4;4;4;;;2;2;1;1;-1;1;1;2;2;2;2;4;4;3;3;3;3;1;-1;-1;4;3;3;2;3;2;;;;;;4;4;4;4;4;2;4;4;4;2;2;-1;4;-1;-1;-1;-1;-1;-1;-1;-1;-1;-1;4;4;3;4;;;;;;;;;;;;;;;6;7;;48;46;25;9;14;49;9;41;157;10;203;38;102;85;10;33;14;;19;125;38;1046;;2020-07-31 20:41:23;1;0;27;27;16;2;0.8;3
230;;;"base";"interview";2020-07-31 20:52:03;"1";"1";"1";"1";"1";"1";"1";"1";"1";2;"1965";"08393";6;"2";1;1;2;;5;1;1;2;1;3;4;1;;;;;;;;;;;;;;;;;1;;;;;;;;;;;;;2;3;3;3;3;3;3;3;3;3;3;"weiss nicht";"weiss nicht";-1;-1;-1;-1;-1;-1;-1;-1;-1;-1;-1;-1;-1;-1;-1;-1;-1;1;-1;-1;-1;-1;-1;-1;-1;1;-1;-1;-1;;;-1;-1;-1;-1;-1;-1;-1;-1;-1;-1;-1;-1;-1;-1;-1;-1;-1;-1;-1;-1;-1;-1;-1;-1;-1;-1;-1;;;;;;;;;;;;;;;3;5;;4;49;34;9;;;7;;62;4;3;28;21;16;7;10;11;9;6;17;5;310;;2020-07-31 20:57:13;1;0;27;27;16;1;1.87;78
231;;;"base";"interview";2020-08-03 09:30:14;"1";"1";"1";"1";"1";"1";"1";"1";"1";1;"1961";"94544";2;"1";1;2;1;16;;1;1;1;1;1;2;1;;;;;;;;;;;;;;;;;1;;;;;;;;;;;;;2;2;3;3;2;3;4;3;3;2;1;"nichts";"alles";-1;-1;1;1;-1;-1;1;1;1;1;1;1;1;1;1;1;1;1;1;1;4;1;1;1;1;1;1;1;1;;;4;1;4;1;1;-1;-1;-1;-1;-1;-1;-1;-1;-1;-1;-1;-1;-1;-1;-1;-1;-1;-1;-1;4;-1;4;;;;;;;;;;;;;;;7;5;11;;41;35;13;;;6;;62;11;196;63;60;32;16;31;13;12;34;28;43;710;;2020-08-03 09:42:14;1;0;27;27;16;1;1.01;8
233;;;"base";"interview";2020-08-03 09:52:10;"1";"1";"1";"1";"1";"1";"1";"1";"1";2;"1986";"09599";5;"3";2;2;2;;8;1;1;2;3;3;4;2;6;3;1;2;2;1;2;4;3;4;1;3;2;2;3;2;2;1;;1;;1;1;4;3;4;2;3;3;1;5;5;5;5;5;1;5;5;5;5;"Anschaulichkeit";"Nichts.";2;2;1;1;2;2;3;3;2;2;1;4;3;3;2;3;2;1;1;1;1;3;1;1;1;2;;;;"Ist Sache der Immobiliengesellschaft und die machen das auch.";;4;4;4;4;4;2;3;3;3;2;3;2;4;1;1;1;4;2;4;-1;3;1;3;2;2;2;2;;;;;;;;;;;;;;;6;7;;12;32;29;8;12;52;9;39;294;77;210;45;50;47;10;67;12;;17;75;21;856;;2020-08-03 10:11:01;1;0;27;27;14;1;0.86;3
234;;;"base";"interview";2020-08-03 10:04:13;"1";"1";"1";"1";"1";"1";"1";"1";"1";2;"1977";"09599";3;"3";2;2;2;;8;2;1;1;2;2;2;1;;;;;;;;;;;;;;;;;2;;;;;;;;;;;;;2;5;4;5;5;5;2;4;5;4;5;"sehr gut und übersichtlich gestaltet";"nichts";2;2;1;2;2;1;3;2;3;4;3;3;4;4;4;3;2;-1;;;;;;;;2;;;;;;4;4;4;4;3;1;4;3;4;1;4;2;3;2;3;2;4;3;3;3;3;2;3;3;3;2;3;"keine";"keine";"keine";;"keine";"sehr informativ";"keine";"keine";"keine";;"keine";"keine";"keine";"keine";8;4;;17;37;36;9;;;12;;49;11;220;65;81;40;9;;11;;22;97;23;751;;2020-08-03 10:16:44;1;0;27;27;0;0;0.89;3
235;;;"base";"interview";2020-08-03 10:10:43;"2";"2";"2";"2";"2";"2";"1";"1";"2";2;"1977";"01855";4;"2";1;2;2;;4;1;1;2;3;3;4;2;6;3;1;2;2;1;2;4;2;4;4;4;1;3;3;3;2;1;;1;;1;1;3;1;3;1;1;4;2;4;5;5;5;5;3;5;5;5;5;"die Ausführlichkeit";"als Wohnungsmieter fühle ich mich überfordert";2;2;1;2;-1;2;2;4;2;2;1;4;4;4;3;3;2;-1;;;;;;;;2;;;;;;4;3;4;4;-1;1;4;1;4;1;4;1;4;1;3;4;3;2;4;-1;-1;4;3;4;4;1;2;;;;;;;;;"als Mieter eine Frage der Finanzierung";;;;;;18;4;;5;23;17;5;8;43;5;39;127;10;228;76;57;42;31;;10;;23;80;24;851;;2020-08-03 10:25:18;1;0;27;27;13;1;1.01;6
236;;;"base";"interview";2020-08-03 10:19:05;"1";"1";"1";"1";"1";"1";"1";"1";"1";2;"1974";"08324";4;"4";2;1;2;;3;1;1;1;3;3;3;2;6;1;1;1;1;1;2;3;4;4;-1;-1;3;2;2;1;2;1;;1;;1;1;-1;-1;-1;-1;-1;3;1;4;4;4;4;4;1;4;4;4;-1;"---";"---";2;2;1;1;2;1;2;2;-1;-1;3;-1;-1;-1;-1;-1;-1;1;-1;-1;-1;-1;-1;-1;3;-1;;;;;;4;-1;4;-1;-1;-1;4;-1;4;1;-1;-1;-1;-1;-1;-1;-1;-1;-1;-1;-1;-1;-1;4;-1;-1;-1;;;;;;"---";;;;;;;;;2;2;;4;31;17;5;4;29;4;27;139;4;18;28;46;42;4;13;9;;51;38;18;535;;2020-08-03 10:28:01;1;0;27;27;14;1;1.69;55
237;;;"base";"interview";2020-08-03 10:31:53;"1";"1";"1";"1";"1";"1";"1";"1";"1";1;"1959";"09119";5;"2";1;2;2;;6;1;1;2;2;1;4;2;6;1;1;1;1;1;2;4;3;4;1;2;3;1;1;1;2;1;;1;;1;1;3;2;2;2;2;3;2;5;5;5;5;5;1;5;5;5;5;"klare Aussage, gute Gliederung";"nix";2;2;1;2;2;2;1;2;2;2;2;3;3;3;2;2;2;1;1;1;1;4;1;1;1;2;;;;;;3;3;4;4;4;1;4;1;4;1;4;2;4;2;4;2;4;2;4;2;4;1;4;1;1;1;1;;;;;;;;;;;;;;;4;4;;10;29;29;5;6;36;5;34;67;10;158;53;45;44;5;20;7;;18;86;18;693;;2020-08-03 10:43:27;1;0;27;27;15;1;1.23;13
238;;;"base";"interview";2020-08-03 10:58:08;"1";"1";"1";"1";"1";"1";"1";"1";"1";1;"1955";"85591";4;"2";1;1;1;13;;1;1;1;3;2;-1;1;;;;;;;;;;;;;;;;;2;;;;;;;;;;;;;2;5;5;5;5;5;1;5;5;5;5;"die kompakte Info";"nichts";2;2;1;2;2;2;2;2;1;1;1;3;3;4;2;2;2;1;2;2;2;4;4;1;2;2;;;;;;4;3;4;4;4;2;4;2;4;2;3;1;4;1;2;2;3;2;3;2;3;2;3;1;2;1;1;;;;;;;;;;;;;;;13;4;7;;32;30;7;;;5;;65;11;130;39;48;35;4;25;7;;17;70;16;565;;2020-08-03 11:07:34;1;0;27;27;14;1;1.23;14
239;;;"base";"interview";2020-08-03 11:09:59;"1";"1";"1";"1";"1";"1";"1";"1";"1";1;"1980";"04720";4;"3";2;2;2;;8;1;1;2;3;3;3;1;;;;;;;;;;;;;;;;;2;;;;;;;;;;;;;2;5;5;5;5;5;1;5;5;5;5;"Aufbau und Struktur des Textes um das Problem für Laien verständlich zu erklären.";"Nichts.";2;2;1;1;2;2;4;3;2;1;1;4;4;4;3;3;2;1;1;2;3;3;2;1;1;2;;;;;;3;4;4;4;4;2;3;4;3;1;3;1;4;1;2;2;4;1;4;3;3;3;3;3;3;3;3;;;;;;;;;;;;;;;5;5;;7;28;28;5;;;5;;69;7;201;70;62;55;5;29;6;;17;86;24;714;;2020-08-03 11:21:53;1;0;27;27;14;1;1.13;8
240;;;"base";"interview";2020-08-03 11:25:44;"1";"1";"1";"1";"1";"1";"2";"2";"1";1;"1966";"01129";4;"2";1;1;2;;7;1;1;2;3;3;3;2;6;1;1;1;1;1;2;4;2;4;4;4;2;2;2;2;2;1;;1;;1;1;4;2;-1;-1;3;3;2;5;4;4;4;5;2;4;4;5;3;"Die Darstellung des Uran-Zerfalls in Blei, Wismut, Polonium und Radon";"nichts";2;2;1;1;2;2;2;2;2;3;4;4;4;2;3;3;2;1;-1;1;3;3;3;3;3;2;;;;"dies müsste mein Vermieter veranlassen";;4;4;4;4;4;2;3;2;4;1;4;2;4;-1;-1;3;4;3;4;-1;-1;3;3;2;1;1;2;;;;;;;;;;;;;"das sind alles Maßnahmen, die mit dem Vermieter abgestimmt werden müssten";;7;4;;4;23;19;7;5;44;6;34;120;14;1349;86;37;46;4;51;6;;28;192;27;951;;2020-08-03 12:00:57;1;0;27;27;13;1;1.07;11
241;;;"base";"interview";2020-08-03 11:56:47;"1";"1";"1";"1";"1";"1";"1";"1";"1";1;"1948";"01737";5;"2";1;1;2;;4;2;1;1;3;2;3;1;;;;;;;;;;;;;;;;;2;;;;;;;;;;;;;2;4;4;4;4;4;2;4;4;4;5;"anregende Beiträge zur ersten Information";"xx";2;-1;1;1;2;2;2;3;2;2;1;4;3;3;3;3;3;2;;;;;;;;2;;;;;;2;2;4;4;4;2;3;2;3;1;3;2;4;-1;4;-1;4;2;4;-1;-1;2;3;1;2;-1;3;;;;;;;;;;;;;;;4;5;;8;45;42;6;;;8;;102;5;31;92;105;85;9;;14;;42;123;47;773;;2020-08-03 12:09:40;1;0;27;27;14;1;0.95;18
242;;;"base";"interview";2020-08-03 12:06:20;"1";"1";"1";"1";"1";"1";"1";"1";"1";1;"1978";"94474";5;"5";2;2;1;16;;2;1;1;2;3;2;2;6;-1;1;1;1;1;1;4;1;4;4;4;1;1;1;1;2;1;;1;;1;1;1;1;1;1;1;4;1;5;5;5;5;5;1;5;5;5;5;"Der gute klare Aufbau und der Wert der Informationen";"Nichts";1;2;1;1;2;2;2;2;2;2;1;2;3;2;2;2;2;1;1;1;2;-1;4;1;1;1;-1;-1;-1;;;1;1;2;2;-1;3;2;-1;-1;-1;-1;-1;-1;-1;-1;-1;-1;2;-1;3;-1;-1;-1;-1;-1;-1;-1;;;;;;;;;;;;;;;55;2;5;;21;49;5;43;104;4;71;81;2;178;54;48;40;3;22;3;5;16;48;13;790;;2020-08-03 12:20:53;1;0;27;27;16;1;1.46;33
243;;;"base";"interview";2020-08-03 12:06:29;"2";"2";"2";"2";"2";"2";"1";"2";"2";2;"1955";"95448";4;"2";1;1;1;4;;1;1;2;3;1;3;2;6;1;1;1;1;1;2;2;4;4;2;2;4;-1;-1;-1;2;1;;1;;1;1;3;3;3;3;3;3;2;5;5;4;4;5;1;5;5;5;5;"gute Erklärung u. Darstellung";"-";2;2;1;2;1;2;3;3;1;2;1;4;4;3;3;2;2;1;1;3;-1;4;1;-1;-1;2;;;;"ist nur der vermieter verantworlich";;4;4;4;4;3;-1;4;-1;4;1;4;1;4;-1;1;-1;4;3;4;-1;-1;-1;4;-1;1;1;1;;;;;;"Danke für diese Information";;;;;;;;;13;3;7;;41;22;6;5;42;5;33;106;18;164;69;67;62;6;57;9;;20;104;24;883;;2020-08-03 12:21:12;1;0;27;27;13;0;1.04;8
244;;;"base";"interview";2020-08-03 12:25:55;"2";"1";"1";"1";"1";"1";"1";"1";"1";2;"1985";"09111";4;"4";2;2;2;;6;1;1;2;2;3;4;1;;;;;;;;;;;;;;;;;2;;;;;;;;;;;;;1;3;4;3;4;4;2;3;3;4;3;"umfang";"nichts";1;2;1;1;1;2;3;3;2;2;2;3;3;3;3;2;2;1;2;3;-1;2;3;3;2;2;;;;;;4;4;4;4;4;2;3;2;3;3;3;2;3;3;3;3;3;2;3;2;2;3;3;-1;-1;-1;-1;;;;;;;;;;;;;;;5;6;;6;33;40;7;;;5;;97;16;124;49;94;75;10;41;12;;25;65;41;751;;2020-08-03 12:38:27;1;0;27;27;14;1;0.92;4
245;;;"base";"interview";2020-08-03 12:31:08;"1";"1";"1";"1";"1";"1";"1";"1";"1";2;"1971";"01277";4;"2";1;1;2;;7;1;1;2;3;2;4;1;;;;;;;;;;;;;;;;;2;;;;;;;;;;;;;2;4;5;5;4;4;3;3;4;4;3;;"die Wiederholung mit der Frist durch den Gesetzgeber";2;2;1;1;2;2;4;3;2;2;1;4;4;1;3;3;3;1;-1;-1;4;-1;-1;-1;4;2;;;;;;4;1;4;-1;-1;1;4;1;4;1;4;1;4;-1;-1;-1;-1;3;4;-1;-1;-1;-1;1;1;1;4;;;;;;;;;;;;;;;15;3;;4;26;19;5;;;5;;87;16;346;62;56;54;5;25;8;;27;81;20;864;;2020-08-03 12:45:33;1;0;27;27;15;2;1.09;9
246;;;"base";"interview";2020-08-03 12:47:53;"1";"1";"1";"1";"1";"1";"1";"1";"1";1;"1967";"09599";5;"3";1;1;2;;8;2;2;1;3;3;4;2;6;1;1;1;1;1;2;4;4;3;4;4;4;2;3;1;2;1;;1;;1;1;2;2;3;1;3;3;2;4;4;3;3;3;2;3;4;3;3;"nichts";"nichts";2;2;1;1;2;2;2;2;2;3;2;3;3;3;2;3;3;2;;;;;;;;2;;;;;;4;4;3;3;3;3;3;3;3;2;2;3;3;2;2;3;3;2;3;3;3;3;2;3;3;3;2;;;;;;;;;;;;;;;2;6;;8;34;24;13;15;39;4;446;722;5;264;48;68;76;7;;8;;21;119;21;916;;2020-08-03 13:20:23;1;0;27;27;14;1;0.98;10
247;;;"base";"interview";2020-08-03 12:57:14;"2";"1";"1";"1";"1";"1";"1";"1";"1";1;"1976";"85614";4;"1";1;2;1;13;;1;1;2;3;3;3;1;;;;;;;;;;;;;;;;;2;;;;;;;;;;;;;2;5;5;4;4;4;2;3;4;4;5;"nichts";"nichts";2;2;1;2;2;1;3;3;3;2;1;4;4;3;3;3;2;1;1;3;4;3;2;-1;4;2;;;;"nichts";;4;1;4;1;1;1;4;4;4;1;4;1;4;1;4;4;1;1;4;4;1;4;3;4;4;1;4;;;;;;;;;;;;;;;2;3;6;;31;36;6;;;9;;224;8;206;59;109;90;8;46;11;;33;102;26;1015;;2020-08-03 13:14:09;1;0;27;27;13;1;1.01;10
248;;;"base";"interview";2020-08-03 13:14:16;"1";"1";"1";"1";"1";"1";"1";"1";"1";1;"1980";"90408";5;"4";2;2;1;3;;2;1;1;3;3;3;1;;;;;;;;;;;;;;;;;1;;;;;;;;;;;;;2;4;4;5;4;5;2;5;4;4;4;"Überrasvhendd";"Nichst";2;2;1;1;-1;-1;2;2;2;2;2;-1;-1;-1;-1;-1;-1;1;3;-1;-1;-1;-1;3;-1;1;3;4;3;;;4;3;-1;-1;-1;3;4;-1;3;3;3;-1;-1;-1;-1;-1;-1;-1;-1;-1;-1;-1;-1;-1;-1;-1;-1;;;;;;;;;;;;;;;56;50;48;;27;50;31;;;9;;24;8;1281;371;64;30;51;46;155;7;16;271;15;669;;2020-08-03 13:57:48;1;0;27;27;16;1;0.8;13
249;;;"base";"interview";2020-08-03 13:21:30;"1";"1";"1";"1";"1";"1";"1";"1";"1";2;"1973";"93413";4;"2";1;2;1;18;;2;1;1;2;3;2;2;6;1;1;2;1;1;1;1;1;4;1;1;1;2;2;2;2;1;;1;;1;1;4;3;2;2;3;2;2;4;4;4;4;4;3;4;4;4;4;"Sehr ausführlich ";"Nichts ";1;2;1;2;2;2;3;2;2;2;2;4;4;3;3;2;2;1;1;1;2;3;2;1;3;2;;;;;;4;2;4;3;1;2;4;3;4;1;4;2;3;2;2;2;4;4;3;4;3;3;3;2;2;1;2;;;;;;;;;;;;;;;5;3;11;;30;30;8;12;32;5;43;72;5;190;48;69;48;6;30;10;;21;115;21;814;;2020-08-03 13:35:04;1;0;27;27;15;1;1.1;6
250;;;"base";"interview";2020-08-03 14:18:46;"1";"1";"1";"1";"1";"1";"1";"1";"1";-1;"1948";"94121";4;"1";1;1;1;16;;1;1;1;3;3;3;1;;;;;;;;;;;;;;;;;2;;;;;;;;;;;;;1;4;4;4;5;4;4;5;5;5;5;"die beschreibung";"nichts";1;-1;-1;1;1;2;3;3;2;2;2;3;4;4;2;2;2;1;-1;-1;-1;-1;-1;-1;-1;2;;;;;;4;4;4;4;4;3;3;3;2;3;4;-1;4;4;3;3;4;2;3;4;3;3;3;3;3;3;3;;;;;;;;;;;;;;;7;3;9;;38;18;5;;;5;;25;4;36;59;52;51;7;19;9;;15;105;24;491;;2020-08-03 14:26:57;1;0;27;27;14;1;1.42;29
251;;;"base";"interview";2020-08-03 15:21:32;"1";"1";"1";"1";"1";"1";"1";"1";"1";2;"1974";"92536";4;"4";2;1;1;25;;2;1;1;3;3;2;1;;;;;;;;;;;;;;;;;2;;;;;;;;;;;;;1;4;4;5;4;4;3;4;4;4;4;"Grafiken und Bilder lockern den Text auf.";"nichts";1;2;1;2;2;2;3;3;2;2;2;3;3;2;3;3;2;1;2;1;4;3;4;2;3;1;3;3;4;;;4;3;3;3;-1;3;2;3;3;3;2;2;3;3;3;3;3;3;3;4;2;3;2;2;3;2;3;;;;;;;;;;;;;;;5;3;8;;31;32;7;;;12;;145;11;350;69;169;84;4;32;11;35;54;80;26;1031;;2020-08-03 15:41:00;1;0;27;27;16;1;0.88;5
252;;;"base";"interview";2020-08-05 11:29:06;"1";"1";"1";"1";"1";"1";"1";"1";"1";2;"1996";"09456";4;"1";1;1;2;;3;1;1;2;1;1;4;1;;;;;;;;;;;;;;;;;1;;;;;;;;;;;;;1;5;5;5;5;5;2;5;5;5;5;"Das es bunt gestaltet wurde.";"Zu viel Text.";2;2;1;1;1;1;1;2;1;1;1;3;4;4;3;3;3;1;4;1;4;1;3;1;1;1;3;4;4;;;4;3;3;3;3;1;4;2;3;1;4;1;4;4;2;1;2;3;3;4;1;2;2;1;2;1;1;;;;;;;;;;;;;;;112;3;;11;21;30;6;;;4;;20;8;27;39;56;43;4;22;5;10;15;65;15;411;;2020-08-05 11:37:44;1;0;27;27;16;1;1.43;38
253;;;"base";"interview";2020-08-05 13:21:57;"1";"1";"1";"1";"1";"1";"1";"1";"1";2;"1957";"85570";4;"1";1;1;1;13;;1;1;2;3;2;4;1;;;;;;;;;;;;;;;;;2;;;;;;;;;;;;;2;4;4;4;5;5;2;4;4;5;5;"genaue detailgetreue Ansagen";"nichts";2;2;1;2;2;2;3;2;2;2;1;4;4;3;2;2;2;-1;;;;;;;;2;;;;;;4;4;4;4;3;-1;4;4;4;3;3;2;4;-1;4;-1;4;3;3;4;-1;-1;-1;4;4;4;4;;;;;;;;;;;;;;;14;5;13;;35;32;8;;;11;;82;18;134;108;88;88;13;;13;;24;233;18;937;;2020-08-05 13:37:35;1;0;27;27;14;1;0.77;2
254;;;"base";"interview";2020-08-05 15:14:23;"1";"1";"1";"1";"1";"1";"1";"1";"1";2;"1970";"09387";4;"1";1;2;2;;3;1;1;2;3;-1;4;1;;;;;;;;;;;;;;;;;2;;;;;;;;;;;;;2;1;4;4;4;4;3;4;4;4;4;;;2;2;-1;1;-1;-1;2;3;-1;-1;-1;3;3;-1;-1;-1;-1;-1;;;;;;;;-1;;;;;;-1;-1;-1;-1;-1;-1;-1;-1;-1;-1;-1;-1;-1;-1;-1;-1;-1;-1;-1;-1;-1;-1;-1;-1;-1;-1;-1;;;;;;;;;;;;;;;2;4;;5;38;33;8;;;6;;105;3;399;51;64;48;6;;8;;23;28;8;839;;2020-08-05 15:28:22;1;0;27;27;16;3;1.38;24
255;;;"base";"interview";2020-08-05 15:16:58;"2";"1";"1";"1";"1";"1";"1";"1";"1";2;"1968";"07985";4;"1";1;2;2;;2;1;1;2;2;1;2;1;;;;;;;;;;;;;;;;;2;;;;;;;;;;;;;2;4;4;4;4;4;2;4;4;4;4;"grafische Darstellung";"sehr viel zu lesen";2;2;-1;2;1;2;3;2;2;2;2;3;3;-1;2;2;2;1;2;3;4;3;2;-1;3;-1;;;;;;4;4;4;4;-1;3;3;3;3;-1;3;2;3;1;1;1;3;-1;-1;-1;1;4;-1;4;4;4;4;;;;;;;;;"bin mir nicht sicher";;"das muß jeder für sich selber entscheiden";;;;4;4;;6;29;35;6;;;6;;36;7;30;56;64;58;16;35;29;;18;91;17;519;;2020-08-05 15:26:05;1;0;27;27;12;1;1.18;22
256;;;"base";"interview";2020-08-05 16:18:32;"2";"2";"2";"2";"1";"1";"2";"2";"2";1;"1952";"09380";4;"2";1;1;2;;3;1;1;2;3;3;4;2;6;1;2;1;1;1;1;3;3;4;2;2;2;2;3;2;2;1;;1;;1;1;2;2;2;2;2;2;2;4;4;4;4;5;4;5;5;5;4;;;2;2;1;2;1;2;3;3;2;2;2;4;4;3;4;3;2;1;-1;1;-1;3;3;-1;3;1;4;2;3;;;3;2;3;2;2;-1;4;4;-1;2;3;-1;-1;-1;-1;4;4;-1;-1;-1;-1;-1;-1;3;3;2;4;;;;;;;;;;;;;;;14;5;;6;47;36;7;22;112;8;58;190;28;330;55;95;87;9;47;12;27;34;131;39;1331;;2020-08-05 16:41:52;1;0;27;27;17;2;0.67;0
257;;;"base";"interview";2020-08-05 16:41:07;"1";"1";"1";"1";"2";"1";"1";"1";"1";2;"1974";"09111";5;"1";1;2;2;;6;1;1;2;1;1;4;1;;;;;;;;;;;;;;;;;2;;;;;;;;;;;;;1;5;5;5;5;5;2;5;5;5;5;"Dass sie über diesen Sachverhalt überhaupt aufklärt";"Eigentlich nichts, weil ich mich natürlich auch selbst informieren muss";2;2;1;2;2;2;3;2;2;2;2;3;4;3;3;2;2;2;;;;;;;;2;;;;;;4;4;4;4;4;2;3;2;3;1;4;2;4;2;3;-1;3;-1;4;-1;-1;-1;4;2;2;2;2;;;;;;;;;;;;"Die Sanierung kann ich nur begrenzt beeinflussen, privater Eigentümer /Vermieter";;;4;4;;4;73;14;4;;;3;;97;13;187;121;35;36;4;;8;;34;64;17;681;;2020-08-05 16:53:10;1;0;27;27;13;1;1.28;19
258;;;"base";"interview";2020-08-05 17:16:22;"2";"2";"2";"2";"2";"2";"1";"1";"2";2;"1967";"09127";4;"1";1;1;2;;6;1;1;2;1;3;3;1;;;;;;;;;;;;;;;;;2;;;;;;;;;;;;;1;5;5;5;4;5;2;5;5;5;5;"gut, weil sehr informativ";"nichts";2;2;1;1;2;2;4;4;2;2;2;4;4;4;4;4;4;1;1;1;1;1;1;1;4;2;;;;"Diese Maßnahme muss der Vermieter veranlassen, der ich nicht bin.";;4;2;4;2;1;1;4;4;4;1;4;1;4;3;3;2;3;4;4;-1;2;3;4;3;3;1;1;;;;;;;;;;;;;;;4;4;;9;30;31;8;;;5;;88;20;373;62;121;64;6;66;13;;29;117;28;1078;;2020-08-05 17:34:20;1;0;27;27;13;1;0.86;3
260;;;"base";"interview";2020-08-05 17:50:45;"1";"1";"1";"1";"1";"1";"1";"1";"1";1;"1962";"01705";4;"2";1;1;2;;4;1;1;2;3;3;3;2;6;2;1;2;2;1;1;3;3;3;3;3;3;3;4;4;1;1;;1;;1;1;2;1;3;1;1;2;1;5;5;5;5;5;1;5;5;5;4;;;2;2;1;2;2;2;1;4;2;2;2;4;4;1;4;4;4;1;1;1;1;1;1;1;4;1;1;1;4;;;4;1;4;1;1;1;4;2;4;1;4;1;4;2;4;1;1;4;4;4;1;1;4;1;4;1;1;;;;;;;;;;;;;"Ich bin Mieter und kein Vermieter.";;24;7;;9;39;29;10;10;45;7;66;153;23;268;57;144;113;10;25;12;17;30;136;56;1290;;2020-08-05 18:12:15;1;0;27;27;17;2;0.71;1
261;;;"base";"interview";2020-08-05 18:19:57;"2";"2";"2";"2";"2";"2";"1";"2";"2";1;"1959";"08233";4;"1";1;2;2;;2;1;1;2;3;3;3;1;;;;;;;;;;;;;;;;;2;;;;;;;;;;;;;2;4;4;4;5;4;2;4;4;4;4;"Auch für Laien verständlich";"Nichts";2;2;1;2;2;2;3;3;2;2;2;4;3;3;3;2;2;1;1;1;1;3;2;1;1;2;;;;"Als Mieter habe ich keinen Einfluss auf eventuelle Messungen";;3;3;3;3;3;1;4;3;4;1;3;1;4;-1;3;2;3;2;4;2;3;2;3;2;3;3;3;;;;;;;;;;;;;;;8;5;;3;25;24;6;;;5;;87;22;505;56;83;42;7;72;6;;20;83;20;1079;;2020-08-05 18:37:57;1;0;27;27;13;1;1.03;8
262;;;"base";"interview";2020-08-05 18:38:35;"1";"1";"1";"1";"1";"1";"1";"1";"1";1;"1974";"08412";4;"2";1;2;2;;5;1;1;2;3;3;4;2;6;2;1;2;2;1;1;4;4;4;4;4;4;3;1;1;2;1;;1;;1;1;2;1;2;2;2;4;2;4;5;4;3;4;4;5;4;4;5;"alles";"nix";2;2;1;1;2;1;3;2;2;3;4;4;3;3;2;3;2;1;2;3;3;2;4;3;3;1;1;2;3;;;2;2;1;3;2;2;1;3;3;2;1;2;2;3;1;2;2;4;3;1;2;2;1;1;2;1;3;;;;;;;;;;;;;;;3;2;;6;22;20;5;6;32;8;30;5;2;15;19;24;10;4;5;2;5;35;18;5;283;;2020-08-05 18:43:18;1;0;27;27;16;1;2.14;120
263;;;"base";"interview";2020-08-05 19:33:48;"1";"1";"1";"1";"1";"1";"1";"1";"1";2;"1992";"09111";4;"3";2;2;2;;3;1;1;2;1;1;2;1;;;;;;;;;;;;;;;;;1;;;;;;;;;;;;;2;3;4;-1;-1;3;4;-1;-1;-1;-1;;;2;2;-1;2;2;-1;1;-1;-1;-1;-1;3;3;-1;2;2;2;1;-1;-1;-1;3;3;-1;3;1;4;4;4;;;4;4;4;4;4;-1;-1;-1;4;1;4;-1;-1;-1;-1;-1;-1;-1;-1;-1;-1;-1;-1;1;-1;1;1;;;;;;;;;;;;;;;5;4;;4;26;31;5;;;6;;10;3;22;38;115;52;7;27;10;9;15;87;26;502;;2020-08-05 19:42:11;1;0;27;27;18;3;1.41;50
264;;;"base";"interview";2020-08-06 07:53:33;"1";"1";"1";"1";"1";"1";"1";"1";"1";2;"1960";"08527";3;"2";1;2;2;;2;1;1;2;1;1;2;1;;;;;;;;;;;;;;;;;1;;;;;;;;;;;;;1;3;3;3;3;3;4;3;3;3;2;"ist mir zu lange";"es ist zu lange  zu viele infomationen  einfacher was soll man tun ";-1;2;-1;-1;2;2;2;2;2;2;2;3;4;3;2;2;2;2;;;;;;;;2;;;;;;4;3;4;4;4;3;-1;1;4;4;2;-1;3;3;3;2;3;-1;3;4;2;2;3;2;3;3;3;;"ja";"ja";;"ja";"ja";"ja";"ja";"ja";;"ja";"ja";"ia";"j";11;4;;4;45;51;14;;;16;;139;3;33;177;206;128;21;;14;;53;228;35;886;;2020-08-06 08:13:16;1;0;27;27;1;0;0.84;19
265;;;"base";"interview";2020-08-06 08:33:17;"2";"2";"2";"2";"2";"2";"1";"2";"2";2;"1948";"09111";4;"1";1;1;2;;6;1;1;2;1;3;4;1;;;;;;;;;;;;;;;;;1;;;;;;;;;;;;;1;5;5;5;5;5;1;5;5;5;5;"die ausführlichen Erläuterungen";"nichts";2;2;1;2;2;1;4;4;2;2;1;4;4;4;3;3;4;1;-1;1;-1;4;2;-1;4;2;;;;"Ich wohne zur Miete. Wenn erforderlich, dann veranlasst mein Vermieter eine solche Messung.";;4;4;4;4;4;1;4;1;4;1;4;1;4;1;4;1;4;2;4;2;4;1;4;1;1;1;1;;;;;;;;;"Ich wohne in der 7. Etage und das haus wurde ca. 1975 gebaut";;;;;;46;6;;11;39;47;8;;;7;;181;31;641;126;97;156;82;204;12;;44;168;49;1569;;2020-08-06 09:05:52;1;0;27;27;12;1;0.5;0
266;;;"base";"interview";2020-08-07 17:48:01;"1";"1";"1";"1";"1";"1";"1";"1";"1";2;"1991";"09125";5;"4";2;2;2;;6;1;1;1;2;2;3;2;4;2;1;1;2;2;1;2;1;3;2;3;2;3;2;3;2;1;;1;;1;2;2;1;4;3;3;2;1;4;2;3;3;3;3;2;3;3;4;"Keine Angabe";"Keine Angabe";2;2;2;1;-1;1;3;2;3;2;2;2;2;2;3;2;3;1;4;2;2;2;3;1;3;2;;;;;;3;2;2;4;3;3;2;2;4;3;3;3;2;2;3;4;3;3;2;4;3;2;2;4;2;2;3;;;;;;;;;;;;;;;7;3;;245;23;11;4;6;12;5;14;8;5;195;14;9;12;7;9;5;;5;35;4;399;;2020-08-07 17:58:39;1;0;27;27;15;1;2.09;101
267;;;"base";"interview";2020-08-07 18:51:27;"1";"1";"1";"1";"1";"1";"1";"1";"1";1;"1980";"01728";4;"2";1;1;2;;7;1;1;2;3;1;4;2;6;2;1;1;2;1;2;4;1;4;4;4;1;3;4;4;2;1;;1;;1;2;3;2;2;2;2;4;1;4;4;5;3;4;3;3;4;4;3;;;2;2;1;1;2;2;2;2;2;2;2;3;3;3;3;3;3;1;1;3;-1;-1;2;-1;1;2;;;;;;4;3;4;3;3;2;3;3;3;1;2;1;3;1;3;2;3;2;3;-1;3;2;3;2;3;2;3;;;;;;;;;;;;;;;4;3;;4;42;27;5;5;105;5;93;73;9;248;40;93;79;5;39;21;;19;105;19;1043;;2020-08-07 19:08:50;1;0;27;27;16;2;1.05;10
268;;;"base";"interview";2020-08-08 16:05:09;"1";"1";"1";"1";"1";"1";"1";"1";"1";1;"1956";"09405";5;"1";1;1;2;;3;1;1;2;1;3;2;2;6;2;1;1;2;1;2;3;3;4;3;3;3;3;3;2;2;1;;1;;1;1;3;1;2;1;2;3;1;5;5;5;5;5;1;4;5;5;4;"Die visuelle Aufbereitung.";"Es fehlt ein Absatz zur Darstellung des Themas ""Radon als Wellnessfaktor"". Wirkungsweise und Prinzip, weshalb einerseits schädlich und andererseits nützlich. Das vermeidet Irritationen.";2;2;1;2;2;2;2;3;2;2;1;4;3;3;3;3;2;1;1;1;1;4;1;1;1;2;;;;"Die örtliche Lage der Wohnanlage.";;4;3;4;4;3;2;4;3;3;1;4;1;4;1;4;1;4;1;3;-1;3;1;3;1;1;1;2;;;;;;;;;;;;;;;6;4;;8;45;36;6;13;84;6;69;68;6;188;211;75;93;6;56;10;;36;124;45;1038;;2020-08-08 16:25:04;1;0;27;27;14;1;0.83;3
269;;;"base";"interview";2020-08-09 11:15:07;"2";"1";"1";"1";"1";"1";"1";"1";"1";2;"1997";"90602";3;"4";2;1;1;19;;2;1;1;1;2;2;2;2;1;1;1;2;1;1;2;3;3;2;2;2;3;2;2;2;1;;1;;1;1;2;2;2;2;2;2;1;4;4;4;4;4;5;4;4;4;4;;;1;2;1;2;1;1;2;2;2;2;4;3;3;2;3;2;3;1;3;2;2;3;3;3;2;2;;;;;;2;2;3;2;3;3;3;2;3;3;3;3;3;3;2;3;3;3;2;2;2;2;3;2;3;3;3;;;;;;;;;;;;;;;3;4;22;;31;39;8;14;27;7;21;43;4;185;16;25;17;7;26;8;;7;18;12;544;;2020-08-09 11:24:11;1;0;27;27;16;2;1.67;42
270;;;"base";"interview";2020-08-10 15:11:56;"1";"1";"1";"1";"1";"1";"2";"2";"1";1;"1971";"95478";4;"2";1;2;1;21;;2;1;1;2;3;-1;2;6;3;1;2;2;1;2;4;3;4;3;2;2;3;3;3;2;1;;1;;1;1;4;2;2;1;2;3;1;5;5;1;4;4;1;4;4;4;4;"gutes design";"n.a.";2;2;1;1;2;1;1;2;1;1;1;3;4;4;3;3;3;1;1;1;3;3;2;1;1;-1;;;;;;3;2;4;3;-1;1;4;2;4;1;3;1;4;1;3;1;4;3;3;2;3;2;4;1;1;1;1;;"komplettes Haus";;;;;;;;;;;;;3;3;8;;18;31;4;9;25;4;24;39;7;152;22;46;26;3;17;7;;14;45;11;518;;2020-08-10 15:20:34;1;0;27;27;14;1;1.7;35
271;;;"base";"interview";2020-08-10 15:54:15;"1";"1";"1";"1";"1";"1";"1";"1";"1";2;"1998";"09130";3;"2";1;1;2;;6;1;1;2;1;1;4;1;;;;;;;;;;;;;;;;;2;;;;;;;;;;;;;2;4;4;4;4;4;1;4;5;5;4;"die gute Aufklärung über Radon und seine Entstehung";"nichts";2;2;2;-1;2;1;2;3;2;2;1;3;3;3;3;3;3;1;3;3;3;4;4;2;4;2;;;;;;4;2;4;3;2;1;4;2;4;2;3;1;4;2;4;2;3;3;3;3;2;2;3;3;2;2;3;;;;;;;;;;;;;;;9;9;;6;28;24;5;;;5;;65;12;115;60;55;46;6;37;7;;19;71;18;592;;2020-08-10 16:04:13;1;0;27;27;14;1;1.11;9
272;;;"base";"interview";2020-08-10 16:47:52;"1";"1";"1";"1";"1";"1";"1";"1";"1";1;"1981";"01796";5;"1";1;2;2;;4;1;1;2;3;2;4;2;6;2;1;2;2;1;1;4;4;4;3;4;2;3;3;2;2;1;;1;;1;1;2;2;3;3;2;3;2;4;4;3;4;4;2;3;4;4;4;;;1;2;1;1;1;2;3;3;3;3;2;4;3;2;3;3;2;2;;;;;;;;2;;;;;;3;3;3;3;4;4;1;1;1;1;2;1;4;3;3;4;4;3;4;3;3;2;4;2;2;2;2;;;;;;;;;;;;;;;5;19;;3;14;17;6;6;31;4;23;59;4;12;17;29;31;4;;6;;10;66;14;365;;2020-08-10 16:54:12;1;0;27;27;16;2;1.76;59
273;;;"base";"interview";2020-08-10 21:39:13;"1";"1";"1";"1";"1";"1";"1";"1";"1";2;"1989";"09380";4;"4";2;1;2;;3;2;1;1;1;3;2;1;;;;;;;;;;;;;;;;;1;;;;;;;;;;;;;1;3;2;3;3;4;4;3;4;5;3;"gut aufgebaut";"nichts";1;2;1;2;1;1;2;3;2;1;2;2;3;2;1;2;2;1;2;1;2;2;3;3;4;1;2;3;2;;;2;1;2;3;4;3;2;2;3;3;4;2;1;2;3;2;3;3;2;2;3;3;4;3;2;2;3;;;;;;;;;;;;;;;6;7;;6;34;43;7;;;5;;9;2;19;40;14;16;6;8;4;4;16;18;9;273;;2020-08-10 21:43:46;1;0;27;27;16;1;1.96;100
274;;;"base";"interview";2020-08-12 14:36:06;"1";"1";"1";"1";"1";"1";"1";"1";"1";2;"1934";"01328";5;"2";1;1;2;;7;2;2;2;3;3;-1;2;6;1;1;1;2;1;1;3;4;4;-1;3;3;3;3;1;2;1;;1;;1;1;3;2;3;-1;-1;3;2;5;5;5;5;5;1;4;4;4;5;"Das Problem war mir seit Jahren bekannt. Es betrifft meinen derzeitigen Wohnort 01328 aber nicht direkt.";"Ist ok, wenn das bergamt sich um die menschen in der gegend kümmert";2;-1;1;1;-1;-1;1;3;-1;-1;-1;3;-1;-1;3;2;1;1;-1;-1;-1;3;-1;-1;-1;2;;;;"In unserer Umgebung ist Radon nicht bekannt.";;3;-1;4;4;3;3;3;3;4;2;-1;1;1;1;1;3;1;1;3;-1;-1;4;1;2;2;2;2;;"Maisonette EG/1.OG";"Das Gas sollte nehe Dresden - in Freital - in Häuser einströmen";;;;;;;;"Ist nicht bekannt";;;;47;8;;8;47;73;41;13;86;9;94;121;29;230;150;170;109;8;82;25;;41;200;31;1288;;2020-08-12 15:03:08;1;0;27;27;11;0;0.52;0
275;;;"base";"interview";2020-08-12 18:05:34;"1";"1";"1";"2";"1";"2";"1";"1";"1";2;"1965";"83088";5;"2";1;1;1;8;;2;1;1;3;2;2;2;6;1;1;2;1;1;1;3;1;4;3;3;1;-1;2;2;2;1;;1;;1;1;4;1;2;2;2;-1;2;5;5;5;5;5;2;5;5;5;5;"Alles.Ist professionell.";"-";2;2;1;1;2;2;2;1;2;2;2;4;3;2;2;-1;2;1;1;1;3;4;3;3;2;-1;;;;;;3;3;4;4;2;2;4;1;4;1;4;2;4;3;3;4;-1;3;4;3;2;3;3;1;3;1;2;;"In einem Haus wohnt man fast immer in mehr als einer Etage!!";;;;;;;;;;;;;16;5;12;;27;42;5;7;46;5;36;110;4;354;38;53;56;5;34;7;;23;93;21;999;;2020-08-12 18:22:13;1;0;27;27;14;1;1.08;9
276;;;"base";"interview";2020-08-12 20:14:37;"1";"1";"1";"1";"1";"1";"1";"1";"1";1;"1981";"83043";4;"5";2;1;1;8;;2;1;1;3;3;3;1;;;;;;;;;;;;;;;;;2;;;;;;;;;;;;;1;2;5;5;3;4;5;4;4;4;1;;;2;2;1;2;2;1;3;2;2;2;2;3;4;3;3;4;4;1;1;1;4;1;1;1;1;1;4;3;4;;;4;1;4;1;1;1;4;1;4;1;4;3;2;3;2;3;3;3;2;4;1;3;2;1;1;1;1;;;;;;;;;;;;;;;3;5;8;;36;18;22;;;5;;53;6;97;27;645;575;451;15;6;9;16;55;26;515;;2020-08-12 20:49:15;1;0;27;27;18;3;1.24;22
277;;;"base";"interview";2020-08-13 14:44:04;"1";"1";"1";"1";"1";"1";"1";"1";"1";1;"1941";"09127";6;"2";1;2;2;;6;2;1;1;3;3;3;2;6;1;1;1;1;1;2;4;4;4;3;3;2;2;3;2;2;1;;1;;1;1;1;1;2;2;2;2;2;3;3;4;3;4;4;4;4;4;3;"strukturierung";"zu pauschal";2;2;1;1;2;1;3;2;2;2;1;3;3;2;2;2;2;1;-1;1;4;2;3;4;3;1;3;3;4;;;3;3;3;3;-1;3;3;3;2;2;3;3;3;3;2;2;2;3;2;4;1;1;2;3;3;3;3;;;;;;;;;;;;;;;5;7;;23;81;56;14;18;64;11;73;71;18;85;133;80;75;10;68;16;30;30;169;58;1122;;2020-08-13 15:03:59;1;0;27;27;16;1;0.68;4
278;;;"base";"interview";2020-08-13 22:39:24;"1";"1";"1";"1";"1";"1";"1";"1";"1";1;"1986";"01809";4;"3";2;2;2;;7;2;2;1;1;3;2;1;;;;;;;;;;;;;;;;;2;;;;;;;;;;;;;1;4;3;3;4;4;4;3;4;5;5;"ganz gut";"-";2;1;1;1;2;1;3;4;3;2;3;3;3;3;3;3;3;-1;;;;;;;;-1;;;;;;3;3;3;2;3;4;3;3;3;4;4;4;3;3;4;4;3;3;3;3;3;2;3;3;3;3;3;;;;;;;;;;;;;;;25;4;;5;31;22;6;;;5;;55;2;4;24;29;16;6;;3;;8;18;8;271;;2020-08-13 22:43:56;1;0;27;27;14;1;1.93;80
279;;;"base";"interview";2020-08-13 23:38:14;"1";"1";"1";"1";"1";"1";"1";"1";"1";2;"1966";"09456";4;"1";1;2;2;;3;2;1;1;1;3;2;1;;;;;;;;;;;;;;;;;2;;;;;;;;;;;;;1;5;5;5;3;5;3;5;5;5;5;"informativ";"einige Wiederholungen";2;2;1;2;2;2;3;3;2;2;1;4;4;3;3;3;3;1;1;1;4;3;4;4;2;2;;;;;;4;4;4;4;3;2;4;4;4;1;4;1;4;2;3;4;2;4;4;4;2;4;2;4;4;1;3;;;;;;;;;;;;;;;15;3;;6;32;38;6;;;5;;68;23;388;77;70;64;7;51;14;;32;153;25;1077;;2020-08-13 23:56:12;1;0;27;27;14;1;0.84;3
280;;;"base";"interview";2020-08-14 11:35:51;"1";"1";"1";"1";"1";"1";"1";"1";"1";2;"1970";"85459";5;"3";2;2;1;5;;2;2;1;3;3;2;1;;;;;;;;;;;;;;;;;2;;;;;;;;;;;;;2;5;5;5;5;5;1;5;5;5;5;"man wird richtig und gut informiert";"für mich alles o.k.";1;2;1;2;1;2;4;3;2;3;4;4;4;3;4;4;4;2;;;;;;;;2;;;;;;4;4;4;4;4;1;4;2;4;1;4;1;4;1;4;1;4;2;3;-1;3;-1;3;1;1;1;-1;"keine";;;;;"keine";;;;;;;;;16;5;15;;43;54;11;;;9;;303;72;603;101;178;124;12;;17;;60;224;64;1437;;2020-08-14 12:07:42;1;0;27;27;11;1;0.49;0
281;;;"base";"interview";2020-08-14 17:02:54;"1";"1";"2";"1";"1";"1";"1";"1";"1";2;"1957";"01809";5;"2";1;1;2;;4;2;1;1;3;1;3;1;;;;;;;;;;;;;;;;;2;;;;;;;;;;;;;2;5;5;5;5;5;2;4;5;5;4;"sehr übersichtlich gestaltet, ich bekomme Antworten auf die wichtigsten Fragen";"nichts";2;2;1;2;2;2;1;4;-1;2;2;4;4;2;3;3;2;1;3;4;3;4;3;3;3;2;;;;"beabsichtige das Haus zu verkaufen in den nächsten Jahren";;4;4;4;4;4;3;4;4;4;1;4;1;4;1;4;1;4;3;4;4;-1;3;3;3;3;3;2;;;;;;;;;;;;;;;9;3;;4;22;26;6;;;4;;91;18;265;71;44;73;6;60;12;;18;83;17;832;;2020-08-14 17:16:48;1;0;27;27;13;1;1.05;8
282;;;"base";"interview";2020-08-14 18:12:42;"1";"1";"1";"1";"1";"1";"1";"1";"1";1;"1983";"09366";5;"2";1;1;2;;3;2;1;1;1;3;2;1;;;;;;;;;;;;;;;;;2;;;;;;;;;;;;;2;5;5;5;4;5;3;4;4;4;4;"Gute Struktur und Dsign";"Nichts";2;2;1;1;2;2;3;3;2;2;1;3;4;3;3;2;2;1;2;2;2;2;3;2;2;2;;;;;;3;3;3;3;3;2;3;3;3;1;3;2;4;2;3;2;2;2;3;3;3;2;2;2;3;2;2;;;;;;;;;;;;;;;2;3;;3;20;14;4;;;3;;21;3;11;30;41;28;8;17;6;;10;42;13;279;;2020-08-14 18:17:21;1;0;27;27;14;1;2.01;76
283;;;"base";"interview";2020-08-14 22:49:29;"2";"1";"1";"1";"1";"1";"1";"1";"1";2;"1944";"08248";4;"1";1;1;2;;2;2;1;1;3;3;-1;2;6;1;1;1;1;1;2;4;4;4;4;4;1;3;3;2;2;1;;1;;1;1;4;1;4;1;1;4;1;5;5;4;4;4;2;4;4;4;4;"alles";"nichts";2;2;1;1;2;2;3;3;2;2;1;4;4;4;3;4;4;1;2;2;4;3;3;3;1;2;;;;;;4;4;4;4;1;1;4;2;4;1;4;1;4;2;3;2;3;4;2;4;1;1;4;1;1;1;1;;;;;;;;;;;;;;;9;5;;7;46;43;6;10;75;6;48;200;15;256;50;77;59;6;51;13;;25;98;28;1133;;2020-08-14 23:08:23;1;0;27;27;15;1;0.82;1
284;;;"base";"interview";2020-08-14 23:34:17;"2";"1";"1";"1";"1";"1";"1";"1";"1";1;"1948";"01737";5;"2";1;1;2;;4;2;1;1;3;3;4;2;6;1;1;1;1;1;2;4;4;4;4;4;1;-1;-1;2;2;1;;1;;1;1;3;1;1;1;1;4;2;5;5;5;5;5;3;4;4;4;4;;;1;-1;1;2;2;2;3;2;2;2;1;3;-1;4;-1;-1;2;2;;;;;;;;2;;;;;;4;3;4;4;4;3;3;4;3;2;3;2;4;3;3;3;4;3;4;4;-1;-1;3;3;2;3;3;;;;;;;;;;;;;;;2;9;;6;39;35;6;10;67;6;55;110;7;50;50;101;98;9;;10;;30;138;39;872;;2020-08-14 23:48:55;1;0;27;27;16;2;1.02;13
286;;;"base";"interview";2020-08-16 21:12:14;"1";"1";"1";"1";"1";"1";"1";"1";"1";1;"1974";"85467";5;"3";2;1;1;5;;2;2;1;2;3;2;1;;;;;;;;;;;;;;;;;1;;;;;;;;;;;;;2;-1;-1;-1;-1;-1;-1;-1;-1;-1;-1;;;-1;-1;-1;-1;-1;-1;-1;-1;-1;-1;-1;-1;-1;-1;-1;-1;-1;1;-1;-1;-1;-1;-1;-1;-1;-1;;;;;;-1;-1;-1;-1;-1;-1;-1;-1;-1;-1;-1;-1;-1;-1;-1;-1;-1;-1;-1;-1;-1;-1;-1;-1;-1;-1;-1;;;;;;;;;;;;;;;4;3;29;;29;41;68;;;9;;50;3;14;9;11;78;22;9;3;;5;13;5;311;;2020-08-16 21:18:59;1;0;27;27;16;3;1.87;107
287;;;"base";"interview";2020-08-17 09:50:53;"1";"1";"1";"1";"1";"1";"1";"1";"1";2;"1956";"01744";4;"3";1;1;2;;4;2;1;1;3;3;3;1;;;;;;;;;;;;;;;;;2;;;;;;;;;;;;;2;4;5;5;5;5;3;5;5;5;4;;;1;2;1;1;2;2;3;2;1;2;2;3;4;2;2;2;2;1;2;1;2;3;3;3;4;2;;;;;;3;2;3;2;1;2;4;4;4;1;3;3;4;2;4;1;4;4;1;4;1;3;2;3;3;1;2;;;;;;;;;;;;;;;2;5;;11;45;35;6;;;5;;41;3;18;36;60;62;6;42;10;;21;126;41;575;;2020-08-17 10:00:28;1;0;27;27;16;3;1.3;42
288;;;"base";"interview";2020-08-17 10:11:13;"1";"1";"1";"1";"1";"1";"1";"1";"1";2;"1953";"01737";4;"2";1;1;2;;3;2;1;1;3;3;-1;2;6;1;1;1;2;1;1;1;1;3;3;3;1;2;2;2;2;1;;2;;1;1;4;4;4;-1;-1;4;2;5;5;5;5;5;1;5;5;5;5;;;2;2;1;1;1;2;2;3;2;2;4;4;4;2;2;2;1;1;1;1;4;4;2;2;2;2;;;;;;4;4;4;4;4;2;2;3;3;2;2;1;4;1;1;1;4;4;4;4;3;1;4;1;1;1;1;;;;;;;;;;;;;;;4;4;;18;42;52;8;10;42;7;56;18;5;21;39;59;77;7;45;10;;21;137;30;712;;2020-08-17 10:23:06;1;0;27;27;16;2;1.13;31