,Geschlecht,Alter,Abschluss,Kinder,Rauchen,Wohnsituation,Gebäudentyp,Wohndauer,Wohnperspektive,Etage,Radonkenntnisse,BfS-Bekanntheit,risikowahrnehmung_score,Risikogebiet,Gruppe
0,Männlich,1960,Hochschulabschluß,Keine Kinder,Kein* Raucher*in,Mieter*in,in einem Mehrfamilienhaus oder einer Wohnung,0 bis 5 Jahres,länger als 10 Jahre,Erdgeschoß/Souterrain,kennt Radon,kennt BfS,1.6666666666666667,Angrenzend,UG
1,Männlich,1958,Ausbildung,Keine Kinder,Kein* Raucher*in,Mieter*in,in einem Mehrfamilienhaus oder einer Wohnung,länger als 10 Jahre,länger als 10 Jahre,2. Etage oder höher,kennt Radon nicht,kennt BfS,2.0,Angrenzend,UG
2,Männlich,1963,Ausbildung,Keine Kinder,Kein* Raucher*in,Mieter*in,in einem Mehrfamilienhaus oder einer Wohnung,länger als 10 Jahre,länger als 10 Jahre,2. Etage oder höher,kennt Radon nicht,kennt BfS nicht,0.0,Radon-Gebiet,UG
3,Männlich,1979,Maximal Schulabschluß und sonstiges,hat Kinder,Kein* Raucher*in,Eigentümer*in,in einem  Ein- oder Zweifamilienhaus,länger als 10 Jahre,länger als 10 Jahre,1. Etage,kennt Radon nicht,kennt BfS,1.6666666666666667,Angrenzend,UG
4,Weiblich,1966,Ausbildung,Keine Kinder,Kein* Raucher*in,Eigentümer*in,in einem Mehrfamilienhaus oder einer Wohnung,länger als 10 Jahre,länger als 10 Jahre,2. Etage oder höher,kennt Radon,kennt BfS,0.0,Angrenzend,UG
5,Männlich,1948,Hochschulabschluß,Keine Kinder,Raucher*in,Mieter*in,in einem  Ein- oder Zweifamilienhaus,länger als 10 Jahre,länger als 10 Jahre,1. Etage,kennt Radon,kennt BfS,1.6666666666666667,Angrenzend,UG
6,Weiblich,1968,Ausbildung,Keine Kinder,Raucher*in,Eigentümer*in,in einem  Ein- oder Zweifamilienhaus,länger als 10 Jahre,länger als 10 Jahre,1. Etage,kennt Radon nicht,kennt BfS nicht,2.0,Angrenzend,UG
7,Weiblich,1961,Ausbildung,Keine Kinder,Kein* Raucher*in,Mieter*in,in einem Mehrfamilienhaus oder einer Wohnung,länger als 10 Jahre,länger als 10 Jahre,1. Etage,kennt Radon nicht,kennt BfS,1.0,Radon-Gebiet,UG
8,Männlich,1970,Ausbildung,Keine Kinder,Raucher*in,Eigentümer*in,in einem  Ein- oder Zweifamilienhaus,länger als 10 Jahre,0 bis 5 Jahres,1. Etage,kennt Radon,kennt BfS,1.3333333333333333,Radon-Gebiet,UG
9,Männlich,1956,Ausbildung,Keine Kinder,Kein* Raucher*in,Mieter*in,in einem Mehrfamilienhaus oder einer Wohnung,länger als 10 Jahre,länger als 10 Jahre,2. Etage oder höher,kennt Radon,kennt BfS,1.6666666666666667,Angrenzend,UG
10,Männlich,1951,Hochschulabschluß,Keine Kinder,Kein* Raucher*in,Mieter*in,in einem Mehrfamilienhaus oder einer Wohnung,länger als 10 Jahre,länger als 10 Jahre,1. Etage,kennt Radon,kennt BfS,1.6666666666666667,Angrenzend,UG
11,Männlich,1974,Ausbildung,Keine Kinder,Kein* Raucher*in,Eigentümer*in,in einem Mehrfamilienhaus oder einer Wohnung,länger als 10 Jahre,länger als 10 Jahre,2. Etage oder höher,kennt Radon nicht,kennt BfS nicht,1.3333333333333333,Radon-Gebiet,UG
12,Männlich,1969,Maximal Schulabschluß und sonstiges,hat Kinder,Raucher*in,Mieter*in,in einem Mehrfamilienhaus oder einer Wohnung,0 bis 5 Jahres,länger als 10 Jahre,2. Etage oder höher,kennt Radon,kennt BfS,2.0,Radon-Gebiet,UG
13,Weiblich,1993,Ausbildung,Keine Kinder,Kein* Raucher*in,Mieter*in,in einem Mehrfamilienhaus oder einer Wohnung,0 bis 5 Jahres,0 bis 5 Jahres,2. Etage oder höher,kennt Radon nicht,kennt BfS,1.6666666666666667,Radon-Gebiet,UG
14,Männlich,1961,Ausbildung,Keine Kinder,Raucher*in,Mieter*in,in einem Mehrfamilienhaus oder einer Wohnung,6 bis 10 Jahre,länger als 10 Jahre,2. Etage oder höher,kennt Radon,kennt BfS,1.0,Angrenzend,UG
15,Weiblich,1960,Maximal Schulabschluß und sonstiges,Keine Kinder,Kein* Raucher*in,Eigentümer*in,in einem  Ein- oder Zweifamilienhaus,0 bis 5 Jahres,länger als 10 Jahre,Erdgeschoß/Souterrain,kennt Radon nicht,kennt BfS nicht,2.333333333333333,Angrenzend,UG
16,Weiblich,1947,Ausbildung,Keine Kinder,Raucher*in,Mieter*in,in einem Mehrfamilienhaus oder einer Wohnung,länger als 10 Jahre,länger als 10 Jahre,2. Etage oder höher,kennt Radon nicht,kennt BfS,2.0,Angrenzend,UG
17,Männlich,1949,Maximal Schulabschluß und sonstiges,Keine Kinder,Kein* Raucher*in,Mieter*in,in einem Mehrfamilienhaus oder einer Wohnung,länger als 10 Jahre,länger als 10 Jahre,1. Etage,kennt Radon nicht,kennt BfS,0.0,Angrenzend,UG
18,Weiblich,1963,Maximal Schulabschluß und sonstiges,hat Kinder,Raucher*in,Eigentümer*in,in einem Mehrfamilienhaus oder einer Wohnung,6 bis 10 Jahre,0 bis 5 Jahres,2. Etage oder höher,kennt Radon,kennt BfS,1.6666666666666667,Radon-Gebiet,UG
19,Männlich,1968,Ausbildung,Keine Kinder,Raucher*in,Mieter*in,in einem Mehrfamilienhaus oder einer Wohnung,länger als 10 Jahre,länger als 10 Jahre,2. Etage oder höher,kennt Radon nicht,kennt BfS,1.6666666666666667,Radon-Gebiet,UG
20,Weiblich,1963,Maximal Schulabschluß und sonstiges,Keine Kinder,Raucher*in,Mieter*in,in einem Mehrfamilienhaus oder einer Wohnung,6 bis 10 Jahre,0 bis 5 Jahres,2. Etage oder höher,kennt Radon nicht,kennt BfS,1.6666666666666667,Radon-Gebiet,UG
21,Männlich,1947,Hochschulabschluß,Keine Kinder,Kein* Raucher*in,Eigentümer*in,in einem  Ein- oder Zweifamilienhaus,länger als 10 Jahre,länger als 10 Jahre,Erdgeschoß/Souterrain,kennt Radon,kennt BfS,1.0,Angrenzend,UG
22,Männlich,1964,Hochschulabschluß,Keine Kinder,Raucher*in,Eigentümer*in,in einem  Ein- oder Zweifamilienhaus,länger als 10 Jahre,länger als 10 Jahre,1. Etage,kennt Radon,kennt BfS,1.6666666666666667,Radon-Gebiet,UG
23,Weiblich,1967,Ausbildung,Keine Kinder,Raucher*in,Eigentümer*in,in einem Mehrfamilienhaus oder einer Wohnung,0 bis 5 Jahres,länger als 10 Jahre,1. Etage,kennt Radon,kennt BfS,2.0,Angrenzend,UG
24,Weiblich,1955,Ausbildung,Keine Kinder,Raucher*in,Eigentümer*in,in einem Mehrfamilienhaus oder einer Wohnung,länger als 10 Jahre,länger als 10 Jahre,1. Etage,kennt Radon,kennt BfS nicht,1.6666666666666667,Angrenzend,UG
25,Männlich,1952,Hochschulabschluß,Keine Kinder,Kein* Raucher*in,Mieter*in,in einem Mehrfamilienhaus oder einer Wohnung,länger als 10 Jahre,länger als 10 Jahre,1. Etage,kennt Radon nicht,kennt BfS,0.0,Radon-Gebiet,UG
26,Weiblich,1948,Maximal Schulabschluß und sonstiges,Keine Kinder,Kein* Raucher*in,Eigentümer*in,in einem  Ein- oder Zweifamilienhaus,länger als 10 Jahre,länger als 10 Jahre,1. Etage,kennt Radon,kennt BfS,1.6666666666666667,Angrenzend,UG
27,Männlich,1951,Ausbildung,Keine Kinder,Raucher*in,Mieter*in,in einem  Ein- oder Zweifamilienhaus,0 bis 5 Jahres,länger als 10 Jahre,Erdgeschoß/Souterrain,kennt Radon,kennt BfS,2.333333333333333,Radon-Gebiet,UG
29,Weiblich,1954,Maximal Schulabschluß und sonstiges,Keine Kinder,Kein* Raucher*in,Eigentümer*in,in einem Mehrfamilienhaus oder einer Wohnung,0 bis 5 Jahres,länger als 10 Jahre,1. Etage,kennt Radon,kennt BfS,1.3333333333333333,Angrenzend,UG
30,Männlich,1974,Ausbildung,Keine Kinder,Kein* Raucher*in,Mieter*in,in einem Mehrfamilienhaus oder einer Wohnung,0 bis 5 Jahres,länger als 10 Jahre,1. Etage,kennt Radon nicht,kennt BfS,1.6666666666666667,Angrenzend,UG
31,Männlich,1953,Ausbildung,Keine Kinder,Raucher*in,Mieter*in,in einem Mehrfamilienhaus oder einer Wohnung,länger als 10 Jahre,6 bis 10 Jahre,2. Etage oder höher,kennt Radon,kennt BfS,2.333333333333333,Radon-Gebiet,UG
32,Männlich,1982,Ausbildung,Keine Kinder,Raucher*in,Mieter*in,in einem Mehrfamilienhaus oder einer Wohnung,6 bis 10 Jahre,0 bis 5 Jahres,Erdgeschoß/Souterrain,kennt Radon nicht,kennt BfS nicht,0.0,Radon-Gebiet,UG
33,Männlich,1952,Hochschulabschluß,Keine Kinder,Raucher*in,Mieter*in,in einem Mehrfamilienhaus oder einer Wohnung,länger als 10 Jahre,0 bis 5 Jahres,1. Etage,kennt Radon,kennt BfS,1.6666666666666667,Angrenzend,UG
34,Männlich,1942,Maximal Schulabschluß und sonstiges,Keine Kinder,Kein* Raucher*in,Eigentümer*in,in einem  Ein- oder Zweifamilienhaus,länger als 10 Jahre,länger als 10 Jahre,Erdgeschoß/Souterrain,kennt Radon,kennt BfS,0.6666666666666666,Angrenzend,UG
35,Weiblich,1966,Hochschulabschluß,Keine Kinder,Raucher*in,Eigentümer*in,in einem  Ein- oder Zweifamilienhaus,länger als 10 Jahre,länger als 10 Jahre,Erdgeschoß/Souterrain,kennt Radon nicht,kennt BfS,1.6666666666666667,Angrenzend,UG
36,Weiblich,1971,Ausbildung,Keine Kinder,Raucher*in,Eigentümer*in,in einem  Ein- oder Zweifamilienhaus,länger als 10 Jahre,länger als 10 Jahre,Erdgeschoß/Souterrain,kennt Radon,kennt BfS,2.6666666666666665,Radon-Gebiet,UG
37,Weiblich,1961,Ausbildung,Keine Kinder,Raucher*in,Eigentümer*in,in einem  Ein- oder Zweifamilienhaus,länger als 10 Jahre,länger als 10 Jahre,Erdgeschoß/Souterrain,kennt Radon,kennt BfS nicht,2.333333333333333,Angrenzend,UG
38,Männlich,1977,Ausbildung,hat Kinder,Kein* Raucher*in,Mieter*in,in einem Mehrfamilienhaus oder einer Wohnung,0 bis 5 Jahres,0 bis 5 Jahres,Erdgeschoß/Souterrain,kennt Radon nicht,kennt BfS,2.333333333333333,Angrenzend,UG
39,Männlich,1977,Ausbildung,Keine Kinder,Raucher*in,Mieter*in,in einem  Ein- oder Zweifamilienhaus,länger als 10 Jahre,0 bis 5 Jahres,Erdgeschoß/Souterrain,kennt Radon,kennt BfS,1.6666666666666667,Angrenzend,UG
40,Weiblich,1954,Hochschulabschluß,Keine Kinder,Kein* Raucher*in,Mieter*in,in einem Mehrfamilienhaus oder einer Wohnung,0 bis 5 Jahres,länger als 10 Jahre,Erdgeschoß/Souterrain,kennt Radon,kennt BfS,1.6666666666666667,Angrenzend,UG
41,Männlich,1948,Maximal Schulabschluß und sonstiges,Keine Kinder,Raucher*in,Mieter*in,in einem Mehrfamilienhaus oder einer Wohnung,0 bis 5 Jahres,länger als 10 Jahre,Erdgeschoß/Souterrain,kennt Radon nicht,kennt BfS nicht,1.6666666666666667,Angrenzend,UG
42,Männlich,1972,Ausbildung,hat Kinder,Raucher*in,Eigentümer*in,in einem  Ein- oder Zweifamilienhaus,länger als 10 Jahre,länger als 10 Jahre,Erdgeschoß/Souterrain,kennt Radon,kennt BfS,2.0,Angrenzend,UG
43,Männlich,1968,Ausbildung,Keine Kinder,Raucher*in,Mieter*in,in einem Mehrfamilienhaus oder einer Wohnung,länger als 10 Jahre,6 bis 10 Jahre,1. Etage,kennt Radon,kennt BfS,1.3333333333333333,Radon-Gebiet,UG
44,Männlich,1953,Ausbildung,Keine Kinder,Kein* Raucher*in,Mieter*in,in einem Mehrfamilienhaus oder einer Wohnung,6 bis 10 Jahre,länger als 10 Jahre,2. Etage oder höher,kennt Radon nicht,kennt BfS nicht,2.0,Radon-Gebiet,UG
45,Männlich,1985,Maximal Schulabschluß und sonstiges,hat Kinder,Raucher*in,Eigentümer*in,in einem  Ein- oder Zweifamilienhaus,6 bis 10 Jahre,6 bis 10 Jahre,1. Etage,kennt Radon nicht,kennt BfS,3.333333333333333,Radon-Gebiet,UG
46,Weiblich,1951,Ausbildung,Keine Kinder,Kein* Raucher*in,Mieter*in,in einem Mehrfamilienhaus oder einer Wohnung,länger als 10 Jahre,länger als 10 Jahre,2. Etage oder höher,kennt Radon nicht,kennt BfS,1.6666666666666667,Radon-Gebiet,UG
47,Weiblich,1983,Ausbildung,hat Kinder,Kein* Raucher*in,Mieter*in,in einem Mehrfamilienhaus oder einer Wohnung,0 bis 5 Jahres,länger als 10 Jahre,1. Etage,kennt Radon nicht,kennt BfS,1.6666666666666667,Angrenzend,UG
48,Weiblich,1966,Ausbildung,Keine Kinder,Kein* Raucher*in,Mieter*in,in einem Mehrfamilienhaus oder einer Wohnung,6 bis 10 Jahre,länger als 10 Jahre,1. Etage,kennt Radon nicht,kennt BfS nicht,1.6666666666666667,Radon-Gebiet,UG
49,Weiblich,1977,Ausbildung,Keine Kinder,Kein* Raucher*in,Mieter*in,in einem Mehrfamilienhaus oder einer Wohnung,länger als 10 Jahre,0 bis 5 Jahres,2. Etage oder höher,kennt Radon,kennt BfS,1.6666666666666667,Angrenzend,UG
50,Weiblich,1956,Hochschulabschluß,hat Kinder,Raucher*in,Eigentümer*in,in einem  Ein- oder Zweifamilienhaus,länger als 10 Jahre,länger als 10 Jahre,Erdgeschoß/Souterrain,kennt Radon,kennt BfS,2.0,Angrenzend,UG
51,Weiblich,1946,Ausbildung,Keine Kinder,Kein* Raucher*in,Eigentümer*in,in einem  Ein- oder Zweifamilienhaus,länger als 10 Jahre,länger als 10 Jahre,1. Etage,kennt Radon nicht,kennt BfS,0.6666666666666666,Radon-Gebiet,UG
52,Männlich,1957,Ausbildung,Keine Kinder,Raucher*in,Mieter*in,in einem Mehrfamilienhaus oder einer Wohnung,länger als 10 Jahre,länger als 10 Jahre,Erdgeschoß/Souterrain,kennt Radon,kennt BfS nicht,2.0,Angrenzend,UG
53,Männlich,1954,Ausbildung,Keine Kinder,Raucher*in,Mieter*in,in einem Mehrfamilienhaus oder einer Wohnung,länger als 10 Jahre,länger als 10 Jahre,1. Etage,kennt Radon nicht,kennt BfS,1.6666666666666667,Radon-Gebiet,UG
54,Weiblich,1964,Ausbildung,hat Kinder,Raucher*in,Mieter*in,in einem Mehrfamilienhaus oder einer Wohnung,6 bis 10 Jahre,0 bis 5 Jahres,1. Etage,kennt Radon nicht,kennt BfS nicht,2.0,Radon-Gebiet,UG
55,Männlich,1980,Ausbildung,Keine Kinder,Raucher*in,Mieter*in,in einem Mehrfamilienhaus oder einer Wohnung,6 bis 10 Jahre,länger als 10 Jahre,1. Etage,kennt Radon nicht,kennt BfS,2.333333333333333,Angrenzend,UG
56,Weiblich,1964,Hochschulabschluß,Keine Kinder,Kein* Raucher*in,Mieter*in,in einem Mehrfamilienhaus oder einer Wohnung,länger als 10 Jahre,0 bis 5 Jahres,2. Etage oder höher,kennt Radon,kennt BfS,1.3333333333333333,Angrenzend,UG
57,Weiblich,1963,Maximal Schulabschluß und sonstiges,hat Kinder,Kein* Raucher*in,Mieter*in,in einem Mehrfamilienhaus oder einer Wohnung,länger als 10 Jahre,6 bis 10 Jahre,2. Etage oder höher,kennt Radon,kennt BfS,1.6666666666666667,Radon-Gebiet,UG
58,Weiblich,1971,Maximal Schulabschluß und sonstiges,Keine Kinder,Raucher*in,Mieter*in,in einem Mehrfamilienhaus oder einer Wohnung,0 bis 5 Jahres,länger als 10 Jahre,2. Etage oder höher,kennt Radon nicht,kennt BfS nicht,2.6666666666666665,Angrenzend,UG
59,Männlich,1937,Hochschulabschluß,Keine Kinder,Kein* Raucher*in,Eigentümer*in,in einem  Ein- oder Zweifamilienhaus,länger als 10 Jahre,länger als 10 Jahre,1. Etage,kennt Radon,kennt BfS,1.6666666666666667,Angrenzend,UG
60,Männlich,1962,Hochschulabschluß,Keine Kinder,Raucher*in,Eigentümer*in,in einem  Ein- oder Zweifamilienhaus,0 bis 5 Jahres,länger als 10 Jahre,Erdgeschoß/Souterrain,kennt Radon,kennt BfS,1.6666666666666667,Angrenzend,UG
61,Weiblich,1977,Ausbildung,Keine Kinder,Kein* Raucher*in,Mieter*in,in einem Mehrfamilienhaus oder einer Wohnung,0 bis 5 Jahres,6 bis 10 Jahre,Erdgeschoß/Souterrain,kennt Radon nicht,kennt BfS,2.0,Radon-Gebiet,UG
62,Weiblich,1961,Ausbildung,Keine Kinder,Kein* Raucher*in,Mieter*in,in einem Mehrfamilienhaus oder einer Wohnung,6 bis 10 Jahre,6 bis 10 Jahre,Erdgeschoß/Souterrain,kennt Radon nicht,kennt BfS nicht,1.6666666666666667,Angrenzend,UG
63,Männlich,1949,Hochschulabschluß,Keine Kinder,Kein* Raucher*in,Mieter*in,in einem Mehrfamilienhaus oder einer Wohnung,6 bis 10 Jahre,länger als 10 Jahre,Erdgeschoß/Souterrain,kennt Radon,kennt BfS,2.0,Radon-Gebiet,UG
64,Männlich,1958,Ausbildung,Keine Kinder,Raucher*in,Mieter*in,in einem Mehrfamilienhaus oder einer Wohnung,länger als 10 Jahre,länger als 10 Jahre,2. Etage oder höher,kennt Radon,kennt BfS,1.3333333333333333,Radon-Gebiet,UG
65,Männlich,1945,Ausbildung,Keine Kinder,Kein* Raucher*in,Mieter*in,in einem Mehrfamilienhaus oder einer Wohnung,länger als 10 Jahre,länger als 10 Jahre,2. Etage oder höher,kennt Radon,kennt BfS,1.0,Angrenzend,UG
66,Weiblich,1974,Maximal Schulabschluß und sonstiges,Keine Kinder,Raucher*in,Mieter*in,in einem  Ein- oder Zweifamilienhaus,6 bis 10 Jahre,länger als 10 Jahre,1. Etage,kennt Radon nicht,kennt BfS nicht,0.0,Radon-Gebiet,UG
67,Weiblich,1972,Ausbildung,hat Kinder,Kein* Raucher*in,Mieter*in,in einem  Ein- oder Zweifamilienhaus,6 bis 10 Jahre,0 bis 5 Jahres,1. Etage,kennt Radon nicht,kennt BfS,2.0,Angrenzend,UG
68,Männlich,1990,Ausbildung,Keine Kinder,Kein* Raucher*in,Mieter*in,in einem Mehrfamilienhaus oder einer Wohnung,0 bis 5 Jahres,länger als 10 Jahre,Erdgeschoß/Souterrain,kennt Radon,kennt BfS,1.6666666666666667,Radon-Gebiet,UG
69,Weiblich,1959,Ausbildung,Keine Kinder,Raucher*in,Mieter*in,in einem Mehrfamilienhaus oder einer Wohnung,6 bis 10 Jahre,6 bis 10 Jahre,Erdgeschoß/Souterrain,kennt Radon nicht,kennt BfS,2.0,Radon-Gebiet,UG
70,Männlich,2002,Maximal Schulabschluß und sonstiges,hat Kinder,Kein* Raucher*in,Eigentümer*in,in einem  Ein- oder Zweifamilienhaus,länger als 10 Jahre,0 bis 5 Jahres,2. Etage oder höher,kennt Radon,kennt BfS nicht,2.0,Angrenzend,UG
71,Männlich,1969,Ausbildung,hat Kinder,Raucher*in,Eigentümer*in,in einem  Ein- oder Zweifamilienhaus,länger als 10 Jahre,länger als 10 Jahre,Erdgeschoß/Souterrain,kennt Radon,kennt BfS,2.0,Radon-Gebiet,UG
72,Weiblich,1968,Ausbildung,Keine Kinder,Raucher*in,Mieter*in,in einem Mehrfamilienhaus oder einer Wohnung,länger als 10 Jahre,0 bis 5 Jahres,Erdgeschoß/Souterrain,kennt Radon nicht,kennt BfS,2.0,Radon-Gebiet,UG
73,Männlich,1950,Hochschulabschluß,Keine Kinder,Kein* Raucher*in,Mieter*in,in einem Mehrfamilienhaus oder einer Wohnung,länger als 10 Jahre,länger als 10 Jahre,2. Etage oder höher,kennt Radon,kennt BfS,1.3333333333333333,Angrenzend,UG
74,Männlich,1966,Ausbildung,hat Kinder,Kein* Raucher*in,Eigentümer*in,in einem  Ein- oder Zweifamilienhaus,länger als 10 Jahre,länger als 10 Jahre,Erdgeschoß/Souterrain,kennt Radon,kennt BfS,3.333333333333333,Angrenzend,UG
75,Männlich,1947,Ausbildung,Keine Kinder,Raucher*in,Mieter*in,in einem Mehrfamilienhaus oder einer Wohnung,länger als 10 Jahre,länger als 10 Jahre,1. Etage,kennt Radon,kennt BfS,1.3333333333333333,Angrenzend,UG
76,Männlich,1954,Maximal Schulabschluß und sonstiges,Keine Kinder,Raucher*in,Mieter*in,in einem Mehrfamilienhaus oder einer Wohnung,länger als 10 Jahre,länger als 10 Jahre,1. Etage,kennt Radon nicht,kennt BfS,1.3333333333333333,Radon-Gebiet,UG
77,Männlich,1943,Hochschulabschluß,Keine Kinder,Kein* Raucher*in,Mieter*in,in einem Mehrfamilienhaus oder einer Wohnung,6 bis 10 Jahre,0 bis 5 Jahres,2. Etage oder höher,kennt Radon nicht,kennt BfS,1.3333333333333333,Angrenzend,UG
78,Männlich,1965,Maximal Schulabschluß und sonstiges,Keine Kinder,Kein* Raucher*in,Eigentümer*in,in einem Mehrfamilienhaus oder einer Wohnung,6 bis 10 Jahre,länger als 10 Jahre,2. Etage oder höher,kennt Radon,kennt BfS,2.6666666666666665,Radon-Gebiet,UG
79,Männlich,1952,Hochschulabschluß,Keine Kinder,Kein* Raucher*in,Mieter*in,in einem Mehrfamilienhaus oder einer Wohnung,länger als 10 Jahre,6 bis 10 Jahre,2. Etage oder höher,kennt Radon,kennt BfS,1.6666666666666667,Angrenzend,UG
80,Weiblich,1951,Ausbildung,Keine Kinder,Kein* Raucher*in,Mieter*in,in einem Mehrfamilienhaus oder einer Wohnung,0 bis 5 Jahres,länger als 10 Jahre,Erdgeschoß/Souterrain,kennt Radon nicht,kennt BfS,2.0,Radon-Gebiet,UG
82,Weiblich,1959,Maximal Schulabschluß und sonstiges,Keine Kinder,Kein* Raucher*in,Eigentümer*in,in einem  Ein- oder Zweifamilienhaus,länger als 10 Jahre,länger als 10 Jahre,1. Etage,kennt Radon,kennt BfS nicht,1.0,Radon-Gebiet,UG
83,Weiblich,1959,Ausbildung,Keine Kinder,Kein* Raucher*in,Eigentümer*in,in einem  Ein- oder Zweifamilienhaus,länger als 10 Jahre,länger als 10 Jahre,Erdgeschoß/Souterrain,kennt Radon,kennt BfS,2.0,Angrenzend,UG
84,Männlich,1962,Ausbildung,Keine Kinder,Kein* Raucher*in,Mieter*in,in einem Mehrfamilienhaus oder einer Wohnung,länger als 10 Jahre,länger als 10 Jahre,2. Etage oder höher,kennt Radon,kennt BfS,1.0,Radon-Gebiet,UG
85,Männlich,1973,Ausbildung,Keine Kinder,Kein* Raucher*in,Eigentümer*in,in einem  Ein- oder Zweifamilienhaus,länger als 10 Jahre,länger als 10 Jahre,1. Etage,kennt Radon nicht,kennt BfS,2.0,Radon-Gebiet,UG
86,Männlich,1950,Hochschulabschluß,Keine Kinder,Kein* Raucher*in,Mieter*in,in einem Mehrfamilienhaus oder einer Wohnung,länger als 10 Jahre,länger als 10 Jahre,2. Etage oder höher,kennt Radon,kennt BfS,1.6666666666666667,Radon-Gebiet,UG
87,Weiblich,1967,Ausbildung,Keine Kinder,Kein* Raucher*in,Mieter*in,in einem  Ein- oder Zweifamilienhaus,0 bis 5 Jahres,länger als 10 Jahre,1. Etage,kennt Radon nicht,kennt BfS nicht,2.0,Angrenzend,UG
88,Männlich,1997,Hochschulabschluß,Keine Kinder,Kein* Raucher*in,Mieter*in,in einem Mehrfamilienhaus oder einer Wohnung,0 bis 5 Jahres,0 bis 5 Jahres,Erdgeschoß/Souterrain,kennt Radon,kennt BfS,1.6666666666666667,Angrenzend,UG
89,Weiblich,1967,Hochschulabschluß,Keine Kinder,Raucher*in,Mieter*in,in einem Mehrfamilienhaus oder einer Wohnung,0 bis 5 Jahres,0 bis 5 Jahres,2. Etage oder höher,kennt Radon nicht,kennt BfS,1.6666666666666667,Radon-Gebiet,UG
90,Männlich,1962,Ausbildung,hat Kinder,Raucher*in,Mieter*in,in einem Mehrfamilienhaus oder einer Wohnung,6 bis 10 Jahre,länger als 10 Jahre,2. Etage oder höher,kennt Radon nicht,kennt BfS,1.0,Angrenzend,UG
91,Weiblich,1984,Hochschulabschluß,Keine Kinder,Kein* Raucher*in,Mieter*in,in einem Mehrfamilienhaus oder einer Wohnung,6 bis 10 Jahre,länger als 10 Jahre,1. Etage,kennt Radon,kennt BfS,1.6666666666666667,Radon-Gebiet,UG
92,Weiblich,1962,Hochschulabschluß,Keine Kinder,Raucher*in,Eigentümer*in,in einem  Ein- oder Zweifamilienhaus,6 bis 10 Jahre,länger als 10 Jahre,Erdgeschoß/Souterrain,kennt Radon nicht,kennt BfS nicht,1.6666666666666667,Angrenzend,UG
93,Männlich,1979,Hochschulabschluß,Keine Kinder,Kein* Raucher*in,Mieter*in,in einem Mehrfamilienhaus oder einer Wohnung,0 bis 5 Jahres,länger als 10 Jahre,1. Etage,kennt Radon nicht,kennt BfS,2.333333333333333,Angrenzend,UG
94,Männlich,1959,Maximal Schulabschluß und sonstiges,Keine Kinder,Kein* Raucher*in,Eigentümer*in,in einem Mehrfamilienhaus oder einer Wohnung,6 bis 10 Jahre,6 bis 10 Jahre,2. Etage oder höher,kennt Radon nicht,kennt BfS,3.333333333333333,Angrenzend,UG
95,Weiblich,1987,Hochschulabschluß,Keine Kinder,Kein* Raucher*in,Mieter*in,in einem Mehrfamilienhaus oder einer Wohnung,0 bis 5 Jahres,0 bis 5 Jahres,Erdgeschoß/Souterrain,kennt Radon,kennt BfS nicht,2.0,Angrenzend,UG
96,Männlich,1959,Ausbildung,Keine Kinder,Raucher*in,Mieter*in,in einem Mehrfamilienhaus oder einer Wohnung,0 bis 5 Jahres,länger als 10 Jahre,1. Etage,kennt Radon nicht,kennt BfS,2.333333333333333,Radon-Gebiet,UG
97,Männlich,1956,Hochschulabschluß,Keine Kinder,Kein* Raucher*in,Eigentümer*in,in einem  Ein- oder Zweifamilienhaus,länger als 10 Jahre,länger als 10 Jahre,Erdgeschoß/Souterrain,kennt Radon,kennt BfS nicht,1.6666666666666667,Angrenzend,UG
98,Weiblich,1952,Hochschulabschluß,Keine Kinder,Kein* Raucher*in,Mieter*in,in einem Mehrfamilienhaus oder einer Wohnung,länger als 10 Jahre,länger als 10 Jahre,2. Etage oder höher,kennt Radon,kennt BfS,2.0,Angrenzend,UG
99,Weiblich,1946,Ausbildung,Keine Kinder,Kein* Raucher*in,Mieter*in,in einem Mehrfamilienhaus oder einer Wohnung,länger als 10 Jahre,länger als 10 Jahre,1. Etage,kennt Radon nicht,kennt BfS,2.333333333333333,Radon-Gebiet,UG
100,Männlich,1964,Ausbildung,Keine Kinder,Kein* Raucher*in,Eigentümer*in,in einem  Ein- oder Zweifamilienhaus,länger als 10 Jahre,länger als 10 Jahre,Erdgeschoß/Souterrain,kennt Radon,kennt BfS,1.6666666666666667,Radon-Gebiet,UG
101,Männlich,1970,Maximal Schulabschluß und sonstiges,Keine Kinder,Kein* Raucher*in,Mieter*in,in einem Mehrfamilienhaus oder einer Wohnung,0 bis 5 Jahres,6 bis 10 Jahre,Erdgeschoß/Souterrain,kennt Radon nicht,kennt BfS,2.333333333333333,Angrenzend,UG
102,Weiblich,1995,Hochschulabschluß,hat Kinder,Kein* Raucher*in,Eigentümer*in,in einem  Ein- oder Zweifamilienhaus,0 bis 5 Jahres,länger als 10 Jahre,Erdgeschoß/Souterrain,kennt Radon nicht,kennt BfS,1.3333333333333333,Angrenzend,UG
103,Weiblich,1973,Hochschulabschluß,Keine Kinder,Kein* Raucher*in,Mieter*in,in einem  Ein- oder Zweifamilienhaus,6 bis 10 Jahre,6 bis 10 Jahre,1. Etage,kennt Radon,kennt BfS,2.0,Angrenzend,UG
104,Männlich,1949,Hochschulabschluß,Keine Kinder,Kein* Raucher*in,Eigentümer*in,in einem  Ein- oder Zweifamilienhaus,6 bis 10 Jahre,länger als 10 Jahre,1. Etage,kennt Radon,kennt BfS,1.6666666666666667,Angrenzend,UG
105,Weiblich,1990,Hochschulabschluß,hat Kinder,Kein* Raucher*in,Mieter*in,in einem Mehrfamilienhaus oder einer Wohnung,6 bis 10 Jahre,6 bis 10 Jahre,2. Etage oder höher,kennt Radon,kennt BfS,1.6666666666666667,Angrenzend,UG
106,Männlich,1954,Ausbildung,Keine Kinder,Kein* Raucher*in,Eigentümer*in,in einem  Ein- oder Zweifamilienhaus,länger als 10 Jahre,länger als 10 Jahre,Erdgeschoß/Souterrain,kennt Radon,kennt BfS,1.6666666666666667,Angrenzend,UG
107,Männlich,1966,Ausbildung,hat Kinder,Raucher*in,Mieter*in,in einem  Ein- oder Zweifamilienhaus,länger als 10 Jahre,länger als 10 Jahre,Erdgeschoß/Souterrain,kennt Radon nicht,kennt BfS,3.0,Angrenzend,UG
108,Männlich,1954,Hochschulabschluß,Keine Kinder,Raucher*in,Mieter*in,in einem  Ein- oder Zweifamilienhaus,6 bis 10 Jahre,länger als 10 Jahre,Erdgeschoß/Souterrain,kennt Radon,kennt BfS,2.0,Radon-Gebiet,UG
109,Männlich,1968,Hochschulabschluß,hat Kinder,Kein* Raucher*in,Mieter*in,in einem  Ein- oder Zweifamilienhaus,6 bis 10 Jahre,6 bis 10 Jahre,Erdgeschoß/Souterrain,kennt Radon nicht,kennt BfS,3.333333333333333,Radon-Gebiet,UG
110,Männlich,1977,Maximal Schulabschluß und sonstiges,hat Kinder,Kein* Raucher*in,Mieter*in,in einem Mehrfamilienhaus oder einer Wohnung,0 bis 5 Jahres,länger als 10 Jahre,2. Etage oder höher,kennt Radon,kennt BfS,1.6666666666666667,Radon-Gebiet,UG
111,Weiblich,1970,Ausbildung,Keine Kinder,Kein* Raucher*in,Eigentümer*in,in einem  Ein- oder Zweifamilienhaus,länger als 10 Jahre,länger als 10 Jahre,1. Etage,kennt Radon,kennt BfS,1.6666666666666667,Radon-Gebiet,UG
112,Weiblich,1967,Ausbildung,Keine Kinder,Kein* Raucher*in,Eigentümer*in,in einem  Ein- oder Zweifamilienhaus,länger als 10 Jahre,länger als 10 Jahre,1. Etage,kennt Radon,kennt BfS,1.6666666666666667,Angrenzend,UG
113,Weiblich,1980,Hochschulabschluß,hat Kinder,Kein* Raucher*in,Mieter*in,in einem Mehrfamilienhaus oder einer Wohnung,länger als 10 Jahre,länger als 10 Jahre,2. Etage oder höher,kennt Radon nicht,kennt BfS,1.6666666666666667,Angrenzend,UG
114,Männlich,1961,Ausbildung,Keine Kinder,Kein* Raucher*in,Mieter*in,in einem Mehrfamilienhaus oder einer Wohnung,0 bis 5 Jahres,länger als 10 Jahre,Erdgeschoß/Souterrain,kennt Radon,kennt BfS,2.0,Angrenzend,UG
115,Männlich,1977,Maximal Schulabschluß und sonstiges,Keine Kinder,Kein* Raucher*in,Mieter*in,in einem Mehrfamilienhaus oder einer Wohnung,0 bis 5 Jahres,länger als 10 Jahre,2. Etage oder höher,kennt Radon,kennt BfS,1.0,Radon-Gebiet,UG
116,Männlich,1965,Ausbildung,hat Kinder,Kein* Raucher*in,Eigentümer*in,in einem  Ein- oder Zweifamilienhaus,länger als 10 Jahre,länger als 10 Jahre,Erdgeschoß/Souterrain,kennt Radon,kennt BfS,0.6666666666666666,Radon-Gebiet,UG
117,Männlich,1978,Ausbildung,Keine Kinder,Kein* Raucher*in,Mieter*in,in einem Mehrfamilienhaus oder einer Wohnung,länger als 10 Jahre,0 bis 5 Jahres,2. Etage oder höher,kennt Radon nicht,kennt BfS nicht,1.0,Angrenzend,UG
118,Weiblich,1968,Ausbildung,Keine Kinder,Kein* Raucher*in,Mieter*in,in einem Mehrfamilienhaus oder einer Wohnung,6 bis 10 Jahre,länger als 10 Jahre,2. Etage oder höher,kennt Radon nicht,kennt BfS,1.0,Radon-Gebiet,UG
119,Weiblich,1950,Hochschulabschluß,Keine Kinder,Kein* Raucher*in,Mieter*in,in einem Mehrfamilienhaus oder einer Wohnung,6 bis 10 Jahre,länger als 10 Jahre,1. Etage,kennt Radon,kennt BfS,2.333333333333333,Angrenzend,UG
120,Männlich,1944,Ausbildung,Keine Kinder,Kein* Raucher*in,Mieter*in,in einem Mehrfamilienhaus oder einer Wohnung,länger als 10 Jahre,6 bis 10 Jahre,Erdgeschoß/Souterrain,kennt Radon nicht,kennt BfS,2.0,Radon-Gebiet,UG
121,Weiblich,1958,Ausbildung,Keine Kinder,Kein* Raucher*in,Eigentümer*in,in einem  Ein- oder Zweifamilienhaus,länger als 10 Jahre,länger als 10 Jahre,Erdgeschoß/Souterrain,kennt Radon nicht,kennt BfS,2.333333333333333,Angrenzend,UG
122,Weiblich,1962,Ausbildung,Keine Kinder,Kein* Raucher*in,Mieter*in,in einem Mehrfamilienhaus oder einer Wohnung,6 bis 10 Jahre,länger als 10 Jahre,Erdgeschoß/Souterrain,kennt Radon nicht,kennt BfS,2.0,Radon-Gebiet,UG
123,Männlich,1973,Ausbildung,hat Kinder,Raucher*in,Mieter*in,in einem Mehrfamilienhaus oder einer Wohnung,0 bis 5 Jahres,länger als 10 Jahre,1. Etage,kennt Radon,kennt BfS,1.6666666666666667,Radon-Gebiet,UG
124,Männlich,1988,Ausbildung,hat Kinder,Raucher*in,Mieter*in,in einem Mehrfamilienhaus oder einer Wohnung,6 bis 10 Jahre,0 bis 5 Jahres,2. Etage oder höher,kennt Radon,kennt BfS,1.6666666666666667,Angrenzend,UG
125,Weiblich,1966,Ausbildung,Keine Kinder,Kein* Raucher*in,Mieter*in,in einem Mehrfamilienhaus oder einer Wohnung,0 bis 5 Jahres,0 bis 5 Jahres,2. Etage oder höher,kennt Radon nicht,kennt BfS,1.3333333333333333,Radon-Gebiet,UG
126,Weiblich,1960,Ausbildung,Keine Kinder,Raucher*in,Mieter*in,in einem Mehrfamilienhaus oder einer Wohnung,länger als 10 Jahre,0 bis 5 Jahres,Erdgeschoß/Souterrain,kennt Radon nicht,kennt BfS,2.0,Angrenzend,UG
127,Weiblich,1965,Ausbildung,Keine Kinder,Kein* Raucher*in,Eigentümer*in,in einem  Ein- oder Zweifamilienhaus,länger als 10 Jahre,länger als 10 Jahre,2. Etage oder höher,kennt Radon nicht,kennt BfS nicht,2.333333333333333,Radon-Gebiet,UG
128,Männlich,1984,Ausbildung,Keine Kinder,Kein* Raucher*in,Mieter*in,in einem Mehrfamilienhaus oder einer Wohnung,länger als 10 Jahre,länger als 10 Jahre,2. Etage oder höher,kennt Radon nicht,kennt BfS,1.3333333333333333,Radon-Gebiet,UG
129,Männlich,1973,Ausbildung,hat Kinder,Raucher*in,Mieter*in,in einem Mehrfamilienhaus oder einer Wohnung,länger als 10 Jahre,länger als 10 Jahre,1. Etage,kennt Radon nicht,kennt BfS,2.0,Radon-Gebiet,UG
130,Männlich,1955,Hochschulabschluß,Keine Kinder,Raucher*in,Mieter*in,in einem Mehrfamilienhaus oder einer Wohnung,länger als 10 Jahre,länger als 10 Jahre,2. Etage oder höher,kennt Radon nicht,kennt BfS,2.333333333333333,Angrenzend,UG
131,Weiblich,1991,Hochschulabschluß,Keine Kinder,Kein* Raucher*in,Mieter*in,in einem Mehrfamilienhaus oder einer Wohnung,0 bis 5 Jahres,0 bis 5 Jahres,2. Etage oder höher,kennt Radon nicht,kennt BfS,2.0,Angrenzend,UG
132,Männlich,1994,Maximal Schulabschluß und sonstiges,Keine Kinder,Raucher*in,Mieter*in,in einem Mehrfamilienhaus oder einer Wohnung,länger als 10 Jahre,0 bis 5 Jahres,2. Etage oder höher,kennt Radon nicht,kennt BfS,2.0,Angrenzend,UG
133,Weiblich,1955,Hochschulabschluß,Keine Kinder,Kein* Raucher*in,Mieter*in,in einem Mehrfamilienhaus oder einer Wohnung,länger als 10 Jahre,länger als 10 Jahre,2. Etage oder höher,kennt Radon,kennt BfS,1.0,Radon-Gebiet,UG
134,Weiblich,1992,Ausbildung,hat Kinder,Raucher*in,Mieter*in,in einem Mehrfamilienhaus oder einer Wohnung,0 bis 5 Jahres,länger als 10 Jahre,1. Etage,kennt Radon nicht,kennt BfS nicht,0.6666666666666666,Angrenzend,UG
135,Weiblich,1978,Hochschulabschluß,hat Kinder,Kein* Raucher*in,Mieter*in,in einem Mehrfamilienhaus oder einer Wohnung,0 bis 5 Jahres,6 bis 10 Jahre,2. Etage oder höher,kennt Radon nicht,kennt BfS,2.0,Angrenzend,UG
136,Weiblich,1962,Ausbildung,Keine Kinder,Kein* Raucher*in,Eigentümer*in,in einem  Ein- oder Zweifamilienhaus,länger als 10 Jahre,länger als 10 Jahre,Erdgeschoß/Souterrain,kennt Radon nicht,kennt BfS,1.0,Angrenzend,UG
137,Weiblich,1970,Ausbildung,Keine Kinder,Kein* Raucher*in,Eigentümer*in,in einem  Ein- oder Zweifamilienhaus,länger als 10 Jahre,länger als 10 Jahre,1. Etage,kennt Radon nicht,kennt BfS,2.0,Angrenzend,UG
138,Männlich,1987,Hochschulabschluß,hat Kinder,Raucher*in,Eigentümer*in,in einem Mehrfamilienhaus oder einer Wohnung,6 bis 10 Jahre,0 bis 5 Jahres,2. Etage oder höher,kennt Radon,kennt BfS,1.6666666666666667,Angrenzend,UG
139,Männlich,1966,Ausbildung,Keine Kinder,Kein* Raucher*in,Eigentümer*in,in einem  Ein- oder Zweifamilienhaus,länger als 10 Jahre,länger als 10 Jahre,1. Etage,kennt Radon nicht,kennt BfS,1.0,Angrenzend,UG
140,Weiblich,1965,Ausbildung,Keine Kinder,Kein* Raucher*in,Eigentümer*in,in einem  Ein- oder Zweifamilienhaus,länger als 10 Jahre,länger als 10 Jahre,1. Etage,kennt Radon,kennt BfS,2.0,Radon-Gebiet,UG
141,Weiblich,1948,Ausbildung,Keine Kinder,Kein* Raucher*in,Eigentümer*in,in einem  Ein- oder Zweifamilienhaus,länger als 10 Jahre,länger als 10 Jahre,Erdgeschoß/Souterrain,kennt Radon,kennt BfS,2.0,Angrenzend,UG
142,Männlich,1978,Maximal Schulabschluß und sonstiges,Keine Kinder,Raucher*in,Eigentümer*in,in einem  Ein- oder Zweifamilienhaus,länger als 10 Jahre,länger als 10 Jahre,1. Etage,kennt Radon,kennt BfS nicht,2.0,Radon-Gebiet,UG
143,Weiblich,1977,Ausbildung,Keine Kinder,Kein* Raucher*in,Eigentümer*in,in einem  Ein- oder Zweifamilienhaus,0 bis 5 Jahres,länger als 10 Jahre,2. Etage oder höher,kennt Radon nicht,kennt BfS nicht,1.6666666666666667,Angrenzend,UG
144,Weiblich,1979,Ausbildung,Keine Kinder,Kein* Raucher*in,Eigentümer*in,in einem  Ein- oder Zweifamilienhaus,6 bis 10 Jahre,0 bis 5 Jahres,Erdgeschoß/Souterrain,kennt Radon,kennt BfS,0.0,Angrenzend,UG
145,Weiblich,1960,Ausbildung,Keine Kinder,Kein* Raucher*in,Eigentümer*in,in einem Mehrfamilienhaus oder einer Wohnung,länger als 10 Jahre,länger als 10 Jahre,2. Etage oder höher,kennt Radon nicht,kennt BfS,3.0,Angrenzend,UG
146,Männlich,1949,Hochschulabschluß,Keine Kinder,Kein* Raucher*in,Eigentümer*in,in einem  Ein- oder Zweifamilienhaus,länger als 10 Jahre,länger als 10 Jahre,2. Etage oder höher,kennt Radon,kennt BfS,0.0,Angrenzend,UG
147,Männlich,1981,Hochschulabschluß,hat Kinder,Raucher*in,Eigentümer*in,in einem  Ein- oder Zweifamilienhaus,länger als 10 Jahre,länger als 10 Jahre,Erdgeschoß/Souterrain,kennt Radon,kennt BfS,2.333333333333333,Radon-Gebiet,UG
148,Männlich,1963,Ausbildung,Keine Kinder,Kein* Raucher*in,Eigentümer*in,in einem  Ein- oder Zweifamilienhaus,länger als 10 Jahre,länger als 10 Jahre,Erdgeschoß/Souterrain,kennt Radon,kennt BfS,1.0,Angrenzend,UG
149,Weiblich,1971,Ausbildung,hat Kinder,Raucher*in,Eigentümer*in,in einem Mehrfamilienhaus oder einer Wohnung,länger als 10 Jahre,länger als 10 Jahre,2. Etage oder höher,kennt Radon,kennt BfS,2.0,Angrenzend,UG
150,Männlich,1952,Hochschulabschluß,Keine Kinder,Raucher*in,Eigentümer*in,in einem  Ein- oder Zweifamilienhaus,länger als 10 Jahre,länger als 10 Jahre,Erdgeschoß/Souterrain,kennt Radon,kennt BfS,2.0,Angrenzend,UG
152,Männlich,1945,Ausbildung,Keine Kinder,Kein* Raucher*in,Eigentümer*in,in einem  Ein- oder Zweifamilienhaus,länger als 10 Jahre,länger als 10 Jahre,Erdgeschoß/Souterrain,kennt Radon nicht,kennt BfS,1.6666666666666667,Angrenzend,UG
153,Männlich,1975,Ausbildung,Keine Kinder,Kein* Raucher*in,Eigentümer*in,in einem  Ein- oder Zweifamilienhaus,länger als 10 Jahre,länger als 10 Jahre,1. Etage,kennt Radon nicht,kennt BfS,2.0,Angrenzend,UG
154,Weiblich,1969,Ausbildung,Keine Kinder,Kein* Raucher*in,Eigentümer*in,in einem  Ein- oder Zweifamilienhaus,länger als 10 Jahre,länger als 10 Jahre,Erdgeschoß/Souterrain,kennt Radon nicht,kennt BfS nicht,1.3333333333333333,Radon-Gebiet,UG
155,Männlich,1951,Ausbildung,hat Kinder,Kein* Raucher*in,Eigentümer*in,in einem  Ein- oder Zweifamilienhaus,länger als 10 Jahre,länger als 10 Jahre,Erdgeschoß/Souterrain,kennt Radon,kennt BfS,1.6666666666666667,Angrenzend,UG
156,Weiblich,1958,Ausbildung,Keine Kinder,Raucher*in,Eigentümer*in,in einem  Ein- oder Zweifamilienhaus,länger als 10 Jahre,länger als 10 Jahre,Erdgeschoß/Souterrain,kennt Radon nicht,kennt BfS nicht,1.0,Angrenzend,UG
157,Männlich,1971,Ausbildung,Keine Kinder,Kein* Raucher*in,Eigentümer*in,in einem  Ein- oder Zweifamilienhaus,länger als 10 Jahre,länger als 10 Jahre,Erdgeschoß/Souterrain,kennt Radon,kennt BfS,2.6666666666666665,Radon-Gebiet,UG
159,Weiblich,1960,Maximal Schulabschluß und sonstiges,Keine Kinder,Kein* Raucher*in,Eigentümer*in,in einem  Ein- oder Zweifamilienhaus,länger als 10 Jahre,länger als 10 Jahre,Erdgeschoß/Souterrain,kennt Radon,kennt BfS nicht,2.0,Angrenzend,UG
160,Weiblich,1963,Ausbildung,Keine Kinder,Kein* Raucher*in,Eigentümer*in,in einem  Ein- oder Zweifamilienhaus,länger als 10 Jahre,länger als 10 Jahre,Erdgeschoß/Souterrain,kennt Radon,kennt BfS,2.0,Radon-Gebiet,UG
161,Weiblich,1990,Ausbildung,hat Kinder,Kein* Raucher*in,Mieter*in,in einem Mehrfamilienhaus oder einer Wohnung,0 bis 5 Jahres,0 bis 5 Jahres,Erdgeschoß/Souterrain,kennt Radon nicht,kennt BfS,2.6666666666666665,Radon-Gebiet,UG
162,Männlich,1963,Hochschulabschluß,Keine Kinder,Kein* Raucher*in,Eigentümer*in,in einem  Ein- oder Zweifamilienhaus,6 bis 10 Jahre,länger als 10 Jahre,Erdgeschoß/Souterrain,kennt Radon,kennt BfS,1.6666666666666667,Angrenzend,UG
163,Männlich,1951,Ausbildung,Keine Kinder,Kein* Raucher*in,Eigentümer*in,in einem  Ein- oder Zweifamilienhaus,länger als 10 Jahre,6 bis 10 Jahre,Erdgeschoß/Souterrain,kennt Radon nicht,kennt BfS,1.6666666666666667,Angrenzend,UG
164,Männlich,1984,Hochschulabschluß,hat Kinder,Raucher*in,Eigentümer*in,in einem  Ein- oder Zweifamilienhaus,länger als 10 Jahre,länger als 10 Jahre,1. Etage,kennt Radon nicht,kennt BfS,2.333333333333333,Radon-Gebiet,UG
165,Weiblich,1962,Ausbildung,Keine Kinder,Kein* Raucher*in,Eigentümer*in,in einem  Ein- oder Zweifamilienhaus,0 bis 5 Jahres,länger als 10 Jahre,1. Etage,kennt Radon,kennt BfS,2.0,Angrenzend,UG
166,Weiblich,1970,Ausbildung,Keine Kinder,Raucher*in,Eigentümer*in,in einem  Ein- oder Zweifamilienhaus,länger als 10 Jahre,länger als 10 Jahre,Erdgeschoß/Souterrain,kennt Radon nicht,kennt BfS,1.0,Angrenzend,UG
167,Männlich,1975,Ausbildung,Keine Kinder,Kein* Raucher*in,Eigentümer*in,in einem  Ein- oder Zweifamilienhaus,0 bis 5 Jahres,länger als 10 Jahre,2. Etage oder höher,kennt Radon nicht,kennt BfS,0.0,Angrenzend,UG
168,Männlich,1951,Ausbildung,Keine Kinder,Kein* Raucher*in,Eigentümer*in,in einem  Ein- oder Zweifamilienhaus,länger als 10 Jahre,länger als 10 Jahre,Erdgeschoß/Souterrain,kennt Radon nicht,kennt BfS,2.0,Angrenzend,UG
169,Weiblich,1980,Hochschulabschluß,hat Kinder,Raucher*in,Eigentümer*in,in einem  Ein- oder Zweifamilienhaus,6 bis 10 Jahre,länger als 10 Jahre,Erdgeschoß/Souterrain,kennt Radon,kennt BfS,2.0,Radon-Gebiet,UG
170,Männlich,1969,Ausbildung,Keine Kinder,Kein* Raucher*in,Eigentümer*in,in einem  Ein- oder Zweifamilienhaus,länger als 10 Jahre,länger als 10 Jahre,1. Etage,kennt Radon,kennt BfS,1.6666666666666667,Angrenzend,UG
171,Männlich,1961,Maximal Schulabschluß und sonstiges,Keine Kinder,Kein* Raucher*in,Eigentümer*in,in einem  Ein- oder Zweifamilienhaus,länger als 10 Jahre,0 bis 5 Jahres,Erdgeschoß/Souterrain,kennt Radon,kennt BfS,2.0,Radon-Gebiet,UG
172,Männlich,1964,Maximal Schulabschluß und sonstiges,Keine Kinder,Kein* Raucher*in,Eigentümer*in,in einem  Ein- oder Zweifamilienhaus,6 bis 10 Jahre,länger als 10 Jahre,Erdgeschoß/Souterrain,kennt Radon,kennt BfS,1.6666666666666667,Angrenzend,UG
173,Weiblich,1984,Ausbildung,hat Kinder,Kein* Raucher*in,Eigentümer*in,in einem  Ein- oder Zweifamilienhaus,0 bis 5 Jahres,länger als 10 Jahre,Erdgeschoß/Souterrain,kennt Radon,kennt BfS nicht,2.0,Radon-Gebiet,UG
174,Weiblich,1951,Ausbildung,Keine Kinder,Raucher*in,Eigentümer*in,in einem  Ein- oder Zweifamilienhaus,länger als 10 Jahre,länger als 10 Jahre,Erdgeschoß/Souterrain,kennt Radon,kennt BfS,2.0,Radon-Gebiet,UG
175,Weiblich,1963,Ausbildung,Keine Kinder,Kein* Raucher*in,Eigentümer*in,in einem  Ein- oder Zweifamilienhaus,6 bis 10 Jahre,länger als 10 Jahre,Erdgeschoß/Souterrain,kennt Radon nicht,kennt BfS,1.0,Angrenzend,UG
176,Männlich,1979,Hochschulabschluß,hat Kinder,Raucher*in,Eigentümer*in,in einem  Ein- oder Zweifamilienhaus,0 bis 5 Jahres,länger als 10 Jahre,Erdgeschoß/Souterrain,kennt Radon nicht,kennt BfS,1.3333333333333333,Angrenzend,UG
177,Männlich,1979,Ausbildung,hat Kinder,Raucher*in,Eigentümer*in,in einem  Ein- oder Zweifamilienhaus,länger als 10 Jahre,länger als 10 Jahre,1. Etage,kennt Radon nicht,kennt BfS,2.0,Angrenzend,UG
178,Weiblich,1972,Ausbildung,Keine Kinder,Kein* Raucher*in,Eigentümer*in,in einem  Ein- oder Zweifamilienhaus,0 bis 5 Jahres,länger als 10 Jahre,Erdgeschoß/Souterrain,kennt Radon nicht,kennt BfS nicht,2.0,Angrenzend,UG
179,Weiblich,1980,Hochschulabschluß,Keine Kinder,Kein* Raucher*in,Eigentümer*in,in einem  Ein- oder Zweifamilienhaus,0 bis 5 Jahres,länger als 10 Jahre,Erdgeschoß/Souterrain,kennt Radon nicht,kennt BfS,1.6666666666666667,Radon-Gebiet,UG
180,Weiblich,1987,Hochschulabschluß,hat Kinder,Raucher*in,Mieter*in,in einem Mehrfamilienhaus oder einer Wohnung,0 bis 5 Jahres,0 bis 5 Jahres,Erdgeschoß/Souterrain,kennt Radon,kennt BfS,1.3333333333333333,Angrenzend,UG
181,Weiblich,1952,Ausbildung,Keine Kinder,Raucher*in,Eigentümer*in,in einem  Ein- oder Zweifamilienhaus,länger als 10 Jahre,0 bis 5 Jahres,Erdgeschoß/Souterrain,kennt Radon nicht,kennt BfS,1.6666666666666667,Radon-Gebiet,UG
182,Männlich,1958,Hochschulabschluß,Keine Kinder,Raucher*in,Eigentümer*in,in einem  Ein- oder Zweifamilienhaus,länger als 10 Jahre,länger als 10 Jahre,1. Etage,kennt Radon,kennt BfS,2.0,Radon-Gebiet,UG
183,Männlich,1963,Hochschulabschluß,Keine Kinder,Kein* Raucher*in,Eigentümer*in,in einem  Ein- oder Zweifamilienhaus,länger als 10 Jahre,länger als 10 Jahre,Erdgeschoß/Souterrain,kennt Radon nicht,kennt BfS nicht,0.0,Angrenzend,UG
184,Weiblich,1979,Hochschulabschluß,hat Kinder,Kein* Raucher*in,Eigentümer*in,in einem  Ein- oder Zweifamilienhaus,länger als 10 Jahre,länger als 10 Jahre,1. Etage,kennt Radon,kennt BfS,2.0,Radon-Gebiet,UG
185,Weiblich,1965,Ausbildung,Keine Kinder,Kein* Raucher*in,Eigentümer*in,in einem  Ein- oder Zweifamilienhaus,länger als 10 Jahre,länger als 10 Jahre,1. Etage,kennt Radon,kennt BfS,1.6666666666666667,Radon-Gebiet,UG
186,Männlich,1978,Ausbildung,hat Kinder,Kein* Raucher*in,Eigentümer*in,in einem  Ein- oder Zweifamilienhaus,länger als 10 Jahre,länger als 10 Jahre,1. Etage,kennt Radon,kennt BfS,3.0,Radon-Gebiet,UG
187,Männlich,1950,Ausbildung,Keine Kinder,Kein* Raucher*in,Eigentümer*in,in einem  Ein- oder Zweifamilienhaus,länger als 10 Jahre,länger als 10 Jahre,Erdgeschoß/Souterrain,kennt Radon nicht,kennt BfS,1.6666666666666667,Radon-Gebiet,UG
188,Männlich,1965,Ausbildung,Keine Kinder,Kein* Raucher*in,Eigentümer*in,in einem  Ein- oder Zweifamilienhaus,0 bis 5 Jahres,länger als 10 Jahre,Erdgeschoß/Souterrain,kennt Radon,kennt BfS,1.0,Angrenzend,UG
189,Weiblich,1971,Ausbildung,Keine Kinder,Kein* Raucher*in,Eigentümer*in,in einem  Ein- oder Zweifamilienhaus,0 bis 5 Jahres,länger als 10 Jahre,Erdgeschoß/Souterrain,kennt Radon,kennt BfS,2.0,Angrenzend,UG
190,Weiblich,1962,Hochschulabschluß,Keine Kinder,Kein* Raucher*in,Eigentümer*in,in einem  Ein- oder Zweifamilienhaus,länger als 10 Jahre,länger als 10 Jahre,Erdgeschoß/Souterrain,kennt Radon,kennt BfS,0.0,Radon-Gebiet,UG
191,Weiblich,1957,Maximal Schulabschluß und sonstiges,Keine Kinder,Kein* Raucher*in,Eigentümer*in,in einem  Ein- oder Zweifamilienhaus,länger als 10 Jahre,länger als 10 Jahre,Erdgeschoß/Souterrain,kennt Radon,kennt BfS,1.0,Angrenzend,UG
192,Weiblich,1959,Ausbildung,Keine Kinder,Kein* Raucher*in,Eigentümer*in,in einem  Ein- oder Zweifamilienhaus,länger als 10 Jahre,länger als 10 Jahre,1. Etage,kennt Radon nicht,kennt BfS nicht,0.6666666666666666,Radon-Gebiet,UG
0,Männlich,1968,Ausbildung,Keine Kinder,Kein* Raucher*in,Mieter*in,in einem Mehrfamilienhaus oder einer Wohnung,0 bis 5 Jahres,länger als 10 Jahre,2. Etage oder höher,kennt Radon,kennt BfS,2.0,Radon-Gebiet,KG
1,Weiblich,1961,Hochschulabschluß,Keine Kinder,Raucher*in,Eigentümer*in,in einem  Ein- oder Zweifamilienhaus,länger als 10 Jahre,länger als 10 Jahre,1. Etage,kennt Radon,kennt BfS,1.6666666666666667,Angrenzend,KG
2,Männlich,1965,Ausbildung,Keine Kinder,Kein* Raucher*in,Mieter*in,in einem Mehrfamilienhaus oder einer Wohnung,6 bis 10 Jahre,6 bis 10 Jahre,1. Etage,kennt Radon nicht,kennt BfS,1.3333333333333333,Angrenzend,KG
3,Weiblich,1977,Ausbildung,hat Kinder,Kein* Raucher*in,Eigentümer*in,in einem  Ein- oder Zweifamilienhaus,6 bis 10 Jahre,länger als 10 Jahre,1. Etage,kennt Radon nicht,kennt BfS,1.0,Angrenzend,KG
4,Männlich,1982,Ausbildung,Keine Kinder,Kein* Raucher*in,Mieter*in,in einem Mehrfamilienhaus oder einer Wohnung,6 bis 10 Jahre,6 bis 10 Jahre,2. Etage oder höher,kennt Radon nicht,kennt BfS nicht,2.333333333333333,Radon-Gebiet,KG
5,Weiblich,1953,Hochschulabschluß,Keine Kinder,Kein* Raucher*in,Eigentümer*in,in einem Mehrfamilienhaus oder einer Wohnung,länger als 10 Jahre,länger als 10 Jahre,Erdgeschoß/Souterrain,kennt Radon,kennt BfS,2.0,Angrenzend,KG
6,Männlich,1956,Hochschulabschluß,Keine Kinder,Raucher*in,Mieter*in,in einem Mehrfamilienhaus oder einer Wohnung,6 bis 10 Jahre,länger als 10 Jahre,2. Etage oder höher,kennt Radon,kennt BfS,1.6666666666666667,Angrenzend,KG
7,Weiblich,1966,Ausbildung,Keine Kinder,Raucher*in,Mieter*in,in einem  Ein- oder Zweifamilienhaus,länger als 10 Jahre,länger als 10 Jahre,1. Etage,kennt Radon nicht,kennt BfS,1.3333333333333333,Angrenzend,KG
9,Männlich,1966,Hochschulabschluß,hat Kinder,Raucher*in,Eigentümer*in,in einem  Ein- oder Zweifamilienhaus,6 bis 10 Jahre,länger als 10 Jahre,1. Etage,kennt Radon,kennt BfS,1.6666666666666667,Radon-Gebiet,KG
10,Männlich,1958,Hochschulabschluß,Keine Kinder,Kein* Raucher*in,Mieter*in,in einem Mehrfamilienhaus oder einer Wohnung,länger als 10 Jahre,länger als 10 Jahre,Erdgeschoß/Souterrain,kennt Radon,kennt BfS,1.0,Angrenzend,KG
11,Männlich,1946,Ausbildung,Keine Kinder,Kein* Raucher*in,Mieter*in,in einem Mehrfamilienhaus oder einer Wohnung,länger als 10 Jahre,länger als 10 Jahre,Erdgeschoß/Souterrain,kennt Radon nicht,kennt BfS nicht,2.0,Radon-Gebiet,KG
14,Männlich,1964,Ausbildung,Keine Kinder,Kein* Raucher*in,Mieter*in,in einem Mehrfamilienhaus oder einer Wohnung,6 bis 10 Jahre,länger als 10 Jahre,2. Etage oder höher,kennt Radon,kennt BfS,2.333333333333333,Radon-Gebiet,KG
15,Männlich,1959,Ausbildung,Keine Kinder,Kein* Raucher*in,Mieter*in,in einem Mehrfamilienhaus oder einer Wohnung,0 bis 5 Jahres,länger als 10 Jahre,1. Etage,kennt Radon,kennt BfS,1.6666666666666667,Angrenzend,KG
16,Männlich,1981,Ausbildung,Keine Kinder,Kein* Raucher*in,Mieter*in,in einem Mehrfamilienhaus oder einer Wohnung,länger als 10 Jahre,0 bis 5 Jahres,2. Etage oder höher,kennt Radon,kennt BfS,1.6666666666666667,Angrenzend,KG
17,Weiblich,1947,Ausbildung,Keine Kinder,Kein* Raucher*in,Eigentümer*in,in einem Mehrfamilienhaus oder einer Wohnung,länger als 10 Jahre,länger als 10 Jahre,2. Etage oder höher,kennt Radon nicht,kennt BfS,1.0,Radon-Gebiet,KG
19,Weiblich,1966,Ausbildung,Keine Kinder,Kein* Raucher*in,Mieter*in,in einem Mehrfamilienhaus oder einer Wohnung,länger als 10 Jahre,0 bis 5 Jahres,2. Etage oder höher,kennt Radon nicht,kennt BfS,1.0,Angrenzend,KG
20,Männlich,1979,Hochschulabschluß,Keine Kinder,Kein* Raucher*in,Mieter*in,in einem Mehrfamilienhaus oder einer Wohnung,6 bis 10 Jahre,0 bis 5 Jahres,2. Etage oder höher,kennt Radon,kennt BfS,2.333333333333333,Radon-Gebiet,KG
21,Männlich,1967,Ausbildung,Keine Kinder,Kein* Raucher*in,Mieter*in,in einem Mehrfamilienhaus oder einer Wohnung,0 bis 5 Jahres,länger als 10 Jahre,2. Etage oder höher,kennt Radon,kennt BfS,1.6666666666666667,Radon-Gebiet,KG
22,Weiblich,1951,Ausbildung,Keine Kinder,Kein* Raucher*in,Mieter*in,in einem Mehrfamilienhaus oder einer Wohnung,länger als 10 Jahre,länger als 10 Jahre,Erdgeschoß/Souterrain,kennt Radon nicht,kennt BfS nicht,0.0,Angrenzend,KG
23,Männlich,1957,Hochschulabschluß,Keine Kinder,Kein* Raucher*in,Mieter*in,in einem Mehrfamilienhaus oder einer Wohnung,länger als 10 Jahre,länger als 10 Jahre,Erdgeschoß/Souterrain,kennt Radon,kennt BfS,1.6666666666666667,Angrenzend,KG
24,Männlich,1957,Hochschulabschluß,Keine Kinder,Kein* Raucher*in,Eigentümer*in,in einem  Ein- oder Zweifamilienhaus,länger als 10 Jahre,länger als 10 Jahre,Erdgeschoß/Souterrain,kennt Radon nicht,kennt BfS,1.6666666666666667,Radon-Gebiet,KG
25,Weiblich,1963,Ausbildung,Keine Kinder,Kein* Raucher*in,Mieter*in,in einem  Ein- oder Zweifamilienhaus,länger als 10 Jahre,länger als 10 Jahre,1. Etage,kennt Radon nicht,kennt BfS,0.0,Angrenzend,KG
26,Männlich,1958,Hochschulabschluß,Keine Kinder,Kein* Raucher*in,Eigentümer*in,in einem  Ein- oder Zweifamilienhaus,länger als 10 Jahre,länger als 10 Jahre,Erdgeschoß/Souterrain,kennt Radon,kennt BfS nicht,2.0,Radon-Gebiet,KG
27,Männlich,1975,Hochschulabschluß,Keine Kinder,Kein* Raucher*in,Eigentümer*in,in einem  Ein- oder Zweifamilienhaus,6 bis 10 Jahre,6 bis 10 Jahre,Erdgeschoß/Souterrain,kennt Radon,kennt BfS,3.0,Angrenzend,KG
28,Weiblich,1987,Hochschulabschluß,hat Kinder,Kein* Raucher*in,Eigentümer*in,in einem  Ein- oder Zweifamilienhaus,6 bis 10 Jahre,länger als 10 Jahre,Erdgeschoß/Souterrain,kennt Radon nicht,kennt BfS,1.6666666666666667,Radon-Gebiet,KG
29,Weiblich,1991,Hochschulabschluß,Keine Kinder,Kein* Raucher*in,Mieter*in,in einem Mehrfamilienhaus oder einer Wohnung,0 bis 5 Jahres,0 bis 5 Jahres,2. Etage oder höher,kennt Radon nicht,kennt BfS,2.0,Radon-Gebiet,KG
30,Männlich,1945,Ausbildung,Keine Kinder,Raucher*in,Mieter*in,in einem Mehrfamilienhaus oder einer Wohnung,länger als 10 Jahre,länger als 10 Jahre,Erdgeschoß/Souterrain,kennt Radon nicht,kennt BfS,1.6666666666666667,Angrenzend,KG
31,Männlich,1943,Hochschulabschluß,Keine Kinder,Kein* Raucher*in,Eigentümer*in,in einem  Ein- oder Zweifamilienhaus,länger als 10 Jahre,länger als 10 Jahre,Erdgeschoß/Souterrain,kennt Radon,kennt BfS,1.6666666666666667,Angrenzend,KG
32,Weiblich,1956,Maximal Schulabschluß und sonstiges,Keine Kinder,Kein* Raucher*in,Eigentümer*in,in einem  Ein- oder Zweifamilienhaus,länger als 10 Jahre,länger als 10 Jahre,1. Etage,kennt Radon,kennt BfS,1.6666666666666667,Angrenzend,KG
33,Weiblich,1967,Ausbildung,Keine Kinder,Kein* Raucher*in,Eigentümer*in,in einem  Ein- oder Zweifamilienhaus,länger als 10 Jahre,länger als 10 Jahre,Erdgeschoß/Souterrain,kennt Radon,kennt BfS,2.0,Radon-Gebiet,KG
34,Männlich,1957,Ausbildung,Keine Kinder,Kein* Raucher*in,Eigentümer*in,in einem Mehrfamilienhaus oder einer Wohnung,länger als 10 Jahre,0 bis 5 Jahres,2. Etage oder höher,kennt Radon,kennt BfS,1.6666666666666667,Radon-Gebiet,KG
35,Männlich,1961,Hochschulabschluß,Keine Kinder,Raucher*in,Eigentümer*in,in einem  Ein- oder Zweifamilienhaus,länger als 10 Jahre,länger als 10 Jahre,Erdgeschoß/Souterrain,kennt Radon,kennt BfS,1.6666666666666667,Angrenzend,KG
36,Weiblich,1954,Ausbildung,Keine Kinder,Kein* Raucher*in,Mieter*in,in einem Mehrfamilienhaus oder einer Wohnung,länger als 10 Jahre,länger als 10 Jahre,2. Etage oder höher,kennt Radon,kennt BfS,1.6666666666666667,Radon-Gebiet,KG
37,Weiblich,1960,Ausbildung,Keine Kinder,Raucher*in,Mieter*in,in einem Mehrfamilienhaus oder einer Wohnung,länger als 10 Jahre,länger als 10 Jahre,Erdgeschoß/Souterrain,kennt Radon nicht,kennt BfS,1.0,Angrenzend,KG
38,Männlich,1982,Hochschulabschluß,hat Kinder,Kein* Raucher*in,Mieter*in,in einem Mehrfamilienhaus oder einer Wohnung,0 bis 5 Jahres,0 bis 5 Jahres,1. Etage,kennt Radon nicht,kennt BfS nicht,2.0,Angrenzend,KG
39,Weiblich,1951,Hochschulabschluß,Keine Kinder,Kein* Raucher*in,Mieter*in,in einem Mehrfamilienhaus oder einer Wohnung,länger als 10 Jahre,6 bis 10 Jahre,2. Etage oder höher,kennt Radon,kennt BfS,1.6666666666666667,Angrenzend,KG
40,Männlich,1986,Maximal Schulabschluß und sonstiges,Keine Kinder,Kein* Raucher*in,Mieter*in,in einem Mehrfamilienhaus oder einer Wohnung,0 bis 5 Jahres,0 bis 5 Jahres,2. Etage oder höher,kennt Radon nicht,kennt BfS,2.0,Angrenzend,KG
41,Männlich,1951,Hochschulabschluß,Keine Kinder,Kein* Raucher*in,Eigentümer*in,in einem Mehrfamilienhaus oder einer Wohnung,6 bis 10 Jahre,länger als 10 Jahre,Erdgeschoß/Souterrain,kennt Radon,kennt BfS,1.3333333333333333,Radon-Gebiet,KG
42,Weiblich,1967,Ausbildung,Keine Kinder,Raucher*in,Mieter*in,in einem Mehrfamilienhaus oder einer Wohnung,0 bis 5 Jahres,länger als 10 Jahre,1. Etage,kennt Radon,kennt BfS nicht,1.6666666666666667,Angrenzend,KG
43,Männlich,1969,Ausbildung,Keine Kinder,Raucher*in,Mieter*in,in einem Mehrfamilienhaus oder einer Wohnung,länger als 10 Jahre,länger als 10 Jahre,2. Etage oder höher,kennt Radon,kennt BfS nicht,2.0,Angrenzend,KG
44,Männlich,1957,Maximal Schulabschluß und sonstiges,Keine Kinder,Raucher*in,Mieter*in,in einem Mehrfamilienhaus oder einer Wohnung,länger als 10 Jahre,länger als 10 Jahre,Erdgeschoß/Souterrain,kennt Radon nicht,kennt BfS,1.6666666666666667,Angrenzend,KG
45,Weiblich,1958,Ausbildung,Keine Kinder,Kein* Raucher*in,Mieter*in,in einem Mehrfamilienhaus oder einer Wohnung,6 bis 10 Jahre,0 bis 5 Jahres,2. Etage oder höher,kennt Radon nicht,kennt BfS,2.0,Radon-Gebiet,KG
46,Weiblich,1947,Maximal Schulabschluß und sonstiges,Keine Kinder,Kein* Raucher*in,Mieter*in,in einem Mehrfamilienhaus oder einer Wohnung,länger als 10 Jahre,länger als 10 Jahre,1. Etage,kennt Radon,kennt BfS,1.0,Angrenzend,KG
47,Weiblich,1955,Maximal Schulabschluß und sonstiges,Keine Kinder,Kein* Raucher*in,Eigentümer*in,in einem  Ein- oder Zweifamilienhaus,länger als 10 Jahre,länger als 10 Jahre,Erdgeschoß/Souterrain,kennt Radon nicht,kennt BfS,1.0,Angrenzend,KG
48,Männlich,1954,Ausbildung,Keine Kinder,Kein* Raucher*in,Eigentümer*in,in einem  Ein- oder Zweifamilienhaus,länger als 10 Jahre,länger als 10 Jahre,Erdgeschoß/Souterrain,kennt Radon nicht,kennt BfS,1.0,Angrenzend,KG
49,Weiblich,1957,Ausbildung,Keine Kinder,Kein* Raucher*in,Mieter*in,in einem Mehrfamilienhaus oder einer Wohnung,länger als 10 Jahre,länger als 10 Jahre,2. Etage oder höher,kennt Radon,kennt BfS,2.0,Radon-Gebiet,KG
50,Männlich,1961,Maximal Schulabschluß und sonstiges,Keine Kinder,Raucher*in,Mieter*in,in einem  Ein- oder Zweifamilienhaus,0 bis 5 Jahres,0 bis 5 Jahres,Erdgeschoß/Souterrain,kennt Radon nicht,kennt BfS nicht,1.0,Angrenzend,KG
51,Weiblich,1986,Hochschulabschluß,hat Kinder,Raucher*in,Mieter*in,in einem Mehrfamilienhaus oder einer Wohnung,länger als 10 Jahre,länger als 10 Jahre,2. Etage oder höher,kennt Radon,kennt BfS,1.6666666666666667,Radon-Gebiet,KG
52,Weiblich,1977,Maximal Schulabschluß und sonstiges,hat Kinder,Raucher*in,Eigentümer*in,in einem  Ein- oder Zweifamilienhaus,6 bis 10 Jahre,6 bis 10 Jahre,Erdgeschoß/Souterrain,kennt Radon nicht,kennt BfS,3.333333333333333,Angrenzend,KG
53,Weiblich,1977,Ausbildung,Keine Kinder,Raucher*in,Mieter*in,in einem Mehrfamilienhaus oder einer Wohnung,länger als 10 Jahre,länger als 10 Jahre,2. Etage oder höher,kennt Radon,kennt BfS,1.6666666666666667,Angrenzend,KG
54,Weiblich,1974,Ausbildung,hat Kinder,Kein* Raucher*in,Mieter*in,in einem  Ein- oder Zweifamilienhaus,länger als 10 Jahre,länger als 10 Jahre,1. Etage,kennt Radon,kennt BfS,1.0,Radon-Gebiet,KG
55,Männlich,1959,Hochschulabschluß,Keine Kinder,Raucher*in,Mieter*in,in einem Mehrfamilienhaus oder einer Wohnung,6 bis 10 Jahre,0 bis 5 Jahres,2. Etage oder höher,kennt Radon,kennt BfS,2.0,Angrenzend,KG
57,Männlich,1980,Ausbildung,hat Kinder,Raucher*in,Mieter*in,in einem Mehrfamilienhaus oder einer Wohnung,länger als 10 Jahre,länger als 10 Jahre,1. Etage,kennt Radon nicht,kennt BfS,1.3333333333333333,Angrenzend,KG
58,Männlich,1966,Ausbildung,Keine Kinder,Kein* Raucher*in,Mieter*in,in einem Mehrfamilienhaus oder einer Wohnung,länger als 10 Jahre,länger als 10 Jahre,1. Etage,kennt Radon,kennt BfS,3.0,Angrenzend,KG
59,Männlich,1948,Hochschulabschluß,Keine Kinder,Kein* Raucher*in,Eigentümer*in,in einem  Ein- oder Zweifamilienhaus,länger als 10 Jahre,6 bis 10 Jahre,1. Etage,kennt Radon nicht,kennt BfS,1.6666666666666667,Angrenzend,KG
60,Männlich,1978,Hochschulabschluß,hat Kinder,Raucher*in,Eigentümer*in,in einem  Ein- oder Zweifamilienhaus,6 bis 10 Jahre,länger als 10 Jahre,Erdgeschoß/Souterrain,kennt Radon,kennt BfS,1.6666666666666667,Radon-Gebiet,KG
61,Weiblich,1955,Ausbildung,Keine Kinder,Kein* Raucher*in,Mieter*in,in einem Mehrfamilienhaus oder einer Wohnung,länger als 10 Jahre,0 bis 5 Jahres,1. Etage,kennt Radon,kennt BfS,1.3333333333333333,Angrenzend,KG
62,Weiblich,1985,Ausbildung,hat Kinder,Raucher*in,Mieter*in,in einem Mehrfamilienhaus oder einer Wohnung,6 bis 10 Jahre,länger als 10 Jahre,2. Etage oder höher,kennt Radon nicht,kennt BfS,2.0,Radon-Gebiet,KG
63,Weiblich,1971,Ausbildung,Keine Kinder,Kein* Raucher*in,Mieter*in,in einem Mehrfamilienhaus oder einer Wohnung,länger als 10 Jahre,6 bis 10 Jahre,2. Etage oder höher,kennt Radon nicht,kennt BfS,1.6666666666666667,Angrenzend,KG
64,Männlich,1967,Hochschulabschluß,Keine Kinder,Kein* Raucher*in,Eigentümer*in,in einem  Ein- oder Zweifamilienhaus,länger als 10 Jahre,länger als 10 Jahre,2. Etage oder höher,kennt Radon,kennt BfS,2.333333333333333,Angrenzend,KG
65,Männlich,1976,Ausbildung,Keine Kinder,Raucher*in,Mieter*in,in einem Mehrfamilienhaus oder einer Wohnung,länger als 10 Jahre,länger als 10 Jahre,1. Etage,kennt Radon nicht,kennt BfS,2.0,Angrenzend,KG
66,Männlich,1980,Hochschulabschluß,hat Kinder,Raucher*in,Eigentümer*in,in einem  Ein- oder Zweifamilienhaus,länger als 10 Jahre,länger als 10 Jahre,1. Etage,kennt Radon nicht,kennt BfS nicht,2.0,Angrenzend,KG
67,Weiblich,1973,Ausbildung,Keine Kinder,Raucher*in,Eigentümer*in,in einem  Ein- oder Zweifamilienhaus,6 bis 10 Jahre,länger als 10 Jahre,Erdgeschoß/Souterrain,kennt Radon,kennt BfS,2.0,Angrenzend,KG
69,Weiblich,1974,Ausbildung,hat Kinder,Kein* Raucher*in,Eigentümer*in,in einem  Ein- oder Zweifamilienhaus,länger als 10 Jahre,länger als 10 Jahre,Erdgeschoß/Souterrain,kennt Radon nicht,kennt BfS,2.0,Radon-Gebiet,KG
70,Weiblich,1996,Ausbildung,Keine Kinder,Kein* Raucher*in,Mieter*in,in einem Mehrfamilienhaus oder einer Wohnung,0 bis 5 Jahres,0 bis 5 Jahres,2. Etage oder höher,kennt Radon nicht,kennt BfS nicht,1.0,Radon-Gebiet,KG
71,Weiblich,1957,Ausbildung,Keine Kinder,Kein* Raucher*in,Mieter*in,in einem Mehrfamilienhaus oder einer Wohnung,länger als 10 Jahre,6 bis 10 Jahre,2. Etage oder höher,kennt Radon nicht,kennt BfS,1.6666666666666667,Angrenzend,KG
73,Weiblich,1968,Ausbildung,Keine Kinder,Raucher*in,Mieter*in,in einem Mehrfamilienhaus oder einer Wohnung,6 bis 10 Jahre,0 bis 5 Jahres,Erdgeschoß/Souterrain,kennt Radon nicht,kennt BfS,2.0,Angrenzend,KG
74,Männlich,1952,Ausbildung,Keine Kinder,Kein* Raucher*in,Mieter*in,in einem Mehrfamilienhaus oder einer Wohnung,länger als 10 Jahre,länger als 10 Jahre,2. Etage oder höher,kennt Radon,kennt BfS,2.0,Angrenzend,KG
75,Weiblich,1974,Hochschulabschluß,Keine Kinder,Raucher*in,Mieter*in,in einem Mehrfamilienhaus oder einer Wohnung,0 bis 5 Jahres,0 bis 5 Jahres,2. Etage oder höher,kennt Radon nicht,kennt BfS,2.0,Radon-Gebiet,KG
76,Weiblich,1967,Ausbildung,Keine Kinder,Kein* Raucher*in,Mieter*in,in einem Mehrfamilienhaus oder einer Wohnung,0 bis 5 Jahres,länger als 10 Jahre,1. Etage,kennt Radon nicht,kennt BfS,2.0,Radon-Gebiet,KG
77,Männlich,1962,Ausbildung,Keine Kinder,Kein* Raucher*in,Mieter*in,in einem Mehrfamilienhaus oder einer Wohnung,länger als 10 Jahre,länger als 10 Jahre,1. Etage,kennt Radon,kennt BfS nicht,2.0,Radon-Gebiet,KG
78,Männlich,1959,Ausbildung,Keine Kinder,Raucher*in,Mieter*in,in einem Mehrfamilienhaus oder einer Wohnung,länger als 10 Jahre,länger als 10 Jahre,1. Etage,kennt Radon nicht,kennt BfS,2.0,Angrenzend,KG
79,Weiblich,1992,Ausbildung,hat Kinder,Raucher*in,Mieter*in,in einem Mehrfamilienhaus oder einer Wohnung,0 bis 5 Jahres,0 bis 5 Jahres,Erdgeschoß/Souterrain,kennt Radon nicht,kennt BfS nicht,0.0,Angrenzend,KG
80,Weiblich,1960,Maximal Schulabschluß und sonstiges,Keine Kinder,Raucher*in,Mieter*in,in einem Mehrfamilienhaus oder einer Wohnung,0 bis 5 Jahres,0 bis 5 Jahres,Erdgeschoß/Souterrain,kennt Radon nicht,kennt BfS nicht,2.0,Radon-Gebiet,KG
81,Weiblich,1948,Ausbildung,Keine Kinder,Kein* Raucher*in,Mieter*in,in einem Mehrfamilienhaus oder einer Wohnung,0 bis 5 Jahres,länger als 10 Jahre,2. Etage oder höher,kennt Radon nicht,kennt BfS nicht,1.6666666666666667,Radon-Gebiet,KG
82,Weiblich,1991,Hochschulabschluß,hat Kinder,Raucher*in,Mieter*in,in einem  Ein- oder Zweifamilienhaus,6 bis 10 Jahre,6 bis 10 Jahre,1. Etage,kennt Radon,kennt BfS,2.333333333333333,Radon-Gebiet,KG
83,Männlich,1980,Ausbildung,Keine Kinder,Kein* Raucher*in,Mieter*in,in einem Mehrfamilienhaus oder einer Wohnung,länger als 10 Jahre,0 bis 5 Jahres,2. Etage oder höher,kennt Radon,kennt BfS,2.0,Radon-Gebiet,KG
84,Männlich,1956,Hochschulabschluß,Keine Kinder,Kein* Raucher*in,Mieter*in,in einem Mehrfamilienhaus oder einer Wohnung,0 bis 5 Jahres,länger als 10 Jahre,Erdgeschoß/Souterrain,kennt Radon,kennt BfS,1.6666666666666667,Radon-Gebiet,KG
85,Weiblich,1997,Maximal Schulabschluß und sonstiges,hat Kinder,Kein* Raucher*in,Eigentümer*in,in einem  Ein- oder Zweifamilienhaus,0 bis 5 Jahres,6 bis 10 Jahre,Erdgeschoß/Souterrain,kennt Radon,kennt BfS,2.6666666666666665,Radon-Gebiet,KG
87,Weiblich,1998,Maximal Schulabschluß und sonstiges,Keine Kinder,Kein* Raucher*in,Mieter*in,in einem Mehrfamilienhaus oder einer Wohnung,0 bis 5 Jahres,0 bis 5 Jahres,2. Etage oder höher,kennt Radon nicht,kennt BfS,1.6666666666666667,Angrenzend,KG
88,Männlich,1981,Hochschulabschluß,Keine Kinder,Raucher*in,Mieter*in,in einem Mehrfamilienhaus oder einer Wohnung,länger als 10 Jahre,6 bis 10 Jahre,2. Etage oder höher,kennt Radon,kennt BfS,2.6666666666666665,Angrenzend,KG
90,Weiblich,1965,Hochschulabschluß,Keine Kinder,Kein* Raucher*in,Eigentümer*in,in einem  Ein- oder Zweifamilienhaus,länger als 10 Jahre,6 bis 10 Jahre,Erdgeschoß/Souterrain,kennt Radon,kennt BfS,2.0,Angrenzend,KG
91,Männlich,1981,Ausbildung,hat Kinder,Kein* Raucher*in,Eigentümer*in,in einem  Ein- oder Zweifamilienhaus,länger als 10 Jahre,länger als 10 Jahre,1. Etage,kennt Radon nicht,kennt BfS,2.0,Radon-Gebiet,KG
92,Männlich,1941,Maximal Schulabschluß und sonstiges,Keine Kinder,Raucher*in,Eigentümer*in,in einem  Ein- oder Zweifamilienhaus,länger als 10 Jahre,länger als 10 Jahre,1. Etage,kennt Radon,kennt BfS,1.6666666666666667,Angrenzend,KG
93,Weiblich,1966,Ausbildung,Keine Kinder,Raucher*in,Eigentümer*in,in einem  Ein- oder Zweifamilienhaus,0 bis 5 Jahres,länger als 10 Jahre,Erdgeschoß/Souterrain,kennt Radon nicht,kennt BfS,1.6666666666666667,Radon-Gebiet,KG
94,Weiblich,1970,Hochschulabschluß,hat Kinder,Raucher*in,Eigentümer*in,in einem  Ein- oder Zweifamilienhaus,länger als 10 Jahre,länger als 10 Jahre,Erdgeschoß/Souterrain,kennt Radon nicht,kennt BfS,3.0,Angrenzend,KG
95,Weiblich,1957,Hochschulabschluß,Keine Kinder,Kein* Raucher*in,Eigentümer*in,in einem  Ein- oder Zweifamilienhaus,länger als 10 Jahre,0 bis 5 Jahres,1. Etage,kennt Radon nicht,kennt BfS,1.3333333333333333,Angrenzend,KG
97,Männlich,1948,Hochschulabschluß,Keine Kinder,Kein* Raucher*in,Eigentümer*in,in einem  Ein- oder Zweifamilienhaus,länger als 10 Jahre,länger als 10 Jahre,2. Etage oder höher,kennt Radon,kennt BfS,1.6666666666666667,Angrenzend,KG
98,Weiblich,1956,Ausbildung,Keine Kinder,Kein* Raucher*in,Eigentümer*in,in einem  Ein- oder Zweifamilienhaus,länger als 10 Jahre,länger als 10 Jahre,1. Etage,kennt Radon nicht,kennt BfS,1.6666666666666667,Angrenzend,KG
